Nama,Keahlian,Tempat Pekerjaan,Daerah,Jam Kerja,Harga,Rating,Pengrating
Ahmad Lestari,Tukang Bangunan dan Pengecetan,Lestari Tukang Bangunan dan Pengecetan,Sleman,10.00 - 17.00,95000,4.7,87
Wati Wibowo,Tukang Aluminium,Wibowo Tukang Aluminium,Kebumen,10.00 - 17.00,60000,4.7,80
Adi Sari,Tukang AC,Sari Tukang AC,Semarang,10.00 - 17.00,150000,4.8,20
Joko Saputra,Instalasi Pipa,Saputra Instalasi Pipa,Banyuwangi,10.00 - 17.00,70000,3.5,33
Sinta Gunawan,Tukang Listrik Rumah Tangga,Gunawan Tukang Listrik Rumah Tangga,Wonosobo,10.00 - 17.00,120000,3.5,1
Dewa Utami,Tukang Bangunan dan Pengecetan,Utami Tukang Bangunan dan Pengecetan,Boyolali,10.00 - 17.00,95000,4.3,33
Maya Lestari,Instalasi Listrik,Lestari Instalasi Listrik,Cilacap,10.00 - 17.00,100000,4.6,1
Budi Lestari,Tukang Kayu,Lestari Tukang Kayu,Malang,10.00 - 17.00,140000,4.1,5
Sari Wibowo,Design dan Cetak,Wibowo Design dan Cetak,Kebumen,7.00 - 17.00,60000,3.2,5
Hadi Ningsih,Design dan Cetak,Ningsih Design dan Cetak,Surabaya,11.00 - 16.00,80000,4.7,100
Agus Ningsih,Tukang Bangunan dan Pengecetan,Ningsih Tukang Bangunan dan Pengecetan,Cilacap,10.00 - 17.00,120000,3.5,5
Dwi Ningsih,Instalasi Pipa,Ningsih Instalasi Pipa,Purwokerto,11.00 - 16.00,140000,3.5,87
Sari Permatasari,Tukang Aluminium,Permatasari Tukang Aluminium,Cilacap,8.00 - 17.00,120000,2.8,47
Surya Gunawan,Instalasi Pipa,Gunawan Instalasi Pipa,Pekalongan,7.00 - 17.00,80000,4.1,100
Fitri Wibowo,Foto dan Videografi,Wibowo Foto dan Videografi,Bandung,10.00 - 17.00,95000,4.9,99
Rina Susanto,Perpipaan Gas,Susanto Perpipaan Gas,Wonosobo,8.00 - 17.00,70000,4.7,95
Yanti Wijaya,Instalasi Listrik,Wijaya Instalasi Listrik,Sleman,11.00 - 16.00,150000,4.5,33
Adi Saputri,Tukang Listrik Rumah Tangga,Saputri Tukang Listrik Rumah Tangga,Semarang,10.00 - 17.00,120000,4.7,80
Nina Kurniawan,Design dan Fotografi,Kurniawan Design dan Fotografi,Malang,11.00 - 16.00,95000,2.8,50
Agus Sari,Instalasi Listrik,Sari Instalasi Listrik,Sleman,11.00 - 16.00,150000,4.7,1
Dewa Nugroho,Perpipaan Gas,Nugroho Perpipaan Gas,Bandung,10.00 - 17.00,90000,4.6,20
Arief Wibowo,Instalasi Listrik,Wibowo Instalasi Listrik,Wonosobo,10.00 - 17.00,100000,4.2,95
Sari Pratama,Design dan Cetak,Pratama Design dan Cetak,Surabaya,11.00 - 16.00,60000,4.2,99
Hadi Wibowo,Tukang Listrik Rumah Tangga,Wibowo Tukang Listrik Rumah Tangga,Wonosobo,10.00 - 17.00,60000,4.5,76
Toni Ningsih,Design Logo,Ningsih Design Logo,Tasikmalaya,7.00 - 17.00,150000,3.2,47
Rina Saputra,Design dan Fotografi,Saputra Design dan Fotografi,Sleman,11.00 - 16.00,150000,4.5,47
Dewi Purba,Tukang Listrik Rumah Tangga,Purba Tukang Listrik Rumah Tangga,Cilacap,7.00 - 17.00,120000,4.2,76
Toni Saputra,Perpipaan Gas,Saputra Perpipaan Gas,Bekasi,10.00 - 17.00,80000,4.1,1
Rudi Susanto,Tukang Listrik Rumah Tangga,Susanto Tukang Listrik Rumah Tangga,Solo,11.00 - 16.00,100000,4,17
Hery Utami,Perpipaan Gas,Utami Perpipaan Gas,Banyuwangi,7.00 - 17.00,130000,4.2,46
Lina Kurniawan,Tukang Kayu,Kurniawan Tukang Kayu,Purwokerto,7.00 - 17.00,60000,4.5,20
Putri Saputri,Tukang Kayu,Saputri Tukang Kayu,Kebumen,7.00 - 17.00,80000,4.7,14
Wati Utami,Instalasi Listrik,Utami Instalasi Listrik,Solo,8.00 - 17.00,120000,4.7,80
Arief Setiawan,Tukang Bangunan dan Pengecetan,Setiawan Tukang Bangunan dan Pengecetan,Kebumen,8.00 - 17.00,80000,4.5,17
Dewi Sari,Instalasi Pipa,Sari Instalasi Pipa,Boyolali,7.00 - 17.00,95000,4.8,76
Ahmad Ningsih,Tukang AC,Ningsih Tukang AC,Wonosobo,10.00 - 17.00,150000,4.1,39
Wati Susanto,Foto dan Videografi,Susanto Foto dan Videografi,Surabaya,10.00 - 17.00,90000,4.1,14
Fina Wijaya,Tukang AC,Wijaya Tukang AC,Wonosobo,11.00 - 16.00,150000,4,1
Rudi Pratama,Design dan Fotografi,Pratama Design dan Fotografi,Pekalongan,11.00 - 16.00,100000,4.2,1
Citra Pratama,Instalasi Listrik,Pratama Instalasi Listrik,Kebumen,11.00 - 16.00,90000,4.3,33
Reza Permatasari,Design dan Fotografi,Permatasari Design dan Fotografi,Bandung,8.00 - 17.00,80000,3.5,1
Sinta Nugroho,Tukang Bangunan dan Pengecetan,Nugroho Tukang Bangunan dan Pengecetan,Pekalongan,7.00 - 17.00,120000,4,50
Ahmad Wibowo,Perpipaan Gas,Wibowo Perpipaan Gas,Tasikmalaya,10.00 - 17.00,90000,4.7,20
Lina Saputri,Foto dan Videografi,Saputri Foto dan Videografi,Cilacap,7.00 - 17.00,80000,4.5,100
Agus Purba,Foto dan Videografi,Purba Foto dan Videografi,Wonosobo,10.00 - 17.00,130000,4.6,50
Citra Hartono,Tukang AC,Hartono Tukang AC,Cilacap,7.00 - 17.00,95000,3.5,14
Fina Gunawan,Design Logo,Gunawan Design Logo,Bandung,7.00 - 17.00,140000,4.9,99
Ratna Nugroho,Foto dan Videografi,Nugroho Foto dan Videografi,Kebumen,7.00 - 17.00,60000,4.9,2
Budi Wati,Instalasi Pipa,Wati Instalasi Pipa,Surabaya,8.00 - 17.00,140000,4.6,87
Andi Hartono,Instalasi Listrik,Hartono Instalasi Listrik,Wonosobo,11.00 - 16.00,100000,2.8,88
Maya Lestari,Tukang Bangunan dan Pengecetan,Lestari Tukang Bangunan dan Pengecetan,Purwokerto,8.00 - 17.00,60000,4.8,20
Hery Kurniawan,Instalasi Pipa,Kurniawan Instalasi Pipa,Malang,8.00 - 17.00,140000,4.5,1
Rini Susanto,Tukang Aluminium,Susanto Tukang Aluminium,Boyolali,10.00 - 17.00,140000,4.6,88
Ivan Wijaya,Tukang Listrik Rumah Tangga,Wijaya Tukang Listrik Rumah Tangga,Tasikmalaya,7.00 - 17.00,130000,4.3,14
Budi Ningsih,Instalasi Listrik,Ningsih Instalasi Listrik,Banyuwangi,10.00 - 17.00,150000,4.1,88
Joko Kusuma,Tukang Bangunan dan Pengecetan,Kusuma Tukang Bangunan dan Pengecetan,Surabaya,7.00 - 17.00,80000,4.5,20
Nina Lestari,Instalasi Pipa,Lestari Instalasi Pipa,Kebumen,7.00 - 17.00,150000,4,47
Dewa Hartono,Instalasi Listrik,Hartono Instalasi Listrik,Purwokerto,8.00 - 17.00,60000,4.5,88
Hadi Susanto,Instalasi Listrik,Susanto Instalasi Listrik,Semarang,7.00 - 17.00,130000,4.8,5
Adi Setiawan,Tukang Kayu,Setiawan Tukang Kayu,Banyuwangi,10.00 - 17.00,140000,3.2,47
Siti Sari,Design dan Cetak,Sari Design dan Cetak,Purwokerto,10.00 - 17.00,120000,4.7,20
Siti Lestari,Instalasi Listrik,Lestari Instalasi Listrik,Purwokerto,7.00 - 17.00,95000,4.7,14
Linda Nugroho,Tukang Listrik Rumah Tangga,Nugroho Tukang Listrik Rumah Tangga,Boyolali,10.00 - 17.00,130000,3.5,5
Rini Pratama,Design dan Fotografi,Pratama Design dan Fotografi,Purwokerto,8.00 - 17.00,100000,4,17
Dewa Wijaya,Design dan Fotografi,Wijaya Design dan Fotografi,Banyuwangi,7.00 - 17.00,80000,4.7,88
Lina Hadi,Design dan Fotografi,Hadi Design dan Fotografi,Surabaya,11.00 - 16.00,120000,4.7,88
Linda Gunawan,Tukang Bangunan dan Pengecetan,Gunawan Tukang Bangunan dan Pengecetan,Bandung,8.00 - 17.00,80000,4.7,20
Nina Wijaya,Perpipaan Gas,Wijaya Perpipaan Gas,Sleman,7.00 - 17.00,130000,3.2,100
Ratna Ningsih,Tukang Kayu,Ningsih Tukang Kayu,Bandung,10.00 - 17.00,60000,4.2,5
Siti Gunawan,Tukang Aluminium,Gunawan Tukang Aluminium,Bandung,8.00 - 17.00,140000,4,46
Rudi Pratama,Design Logo,Pratama Design Logo,Kebumen,7.00 - 17.00,60000,4,99
Sari Wibowo,Tukang Listrik Rumah Tangga,Wibowo Tukang Listrik Rumah Tangga,Sleman,7.00 - 17.00,90000,4.1,14
Dian Susanto,Tukang Listrik Rumah Tangga,Susanto Tukang Listrik Rumah Tangga,Kebumen,8.00 - 17.00,80000,4,50
Putri Kurniawan,Tukang Kayu,Kurniawan Tukang Kayu,Purwokerto,10.00 - 17.00,150000,4.3,20
Rahayu Setiawan,Instalasi Listrik,Setiawan Instalasi Listrik,Kebumen,10.00 - 17.00,70000,4.2,87
Surya Pratama,Foto dan Videografi,Pratama Foto dan Videografi,Purwokerto,7.00 - 17.00,130000,3.5,39
Ivan Hadi,Tukang Aluminium,Hadi Tukang Aluminium,Bekasi,10.00 - 17.00,120000,4.9,100
Rina Saputra,Instalasi Pipa,Saputra Instalasi Pipa,Tasikmalaya,8.00 - 17.00,130000,4,87
Wati Wati,Instalasi Listrik,Wati Instalasi Listrik,Kebumen,10.00 - 17.00,80000,4.7,2
Eko Wati,Tukang Bangunan dan Pengecetan,Wati Tukang Bangunan dan Pengecetan,Boyolali,7.00 - 17.00,100000,4.8,2
Ratna Kurniawan,Foto dan Videografi,Kurniawan Foto dan Videografi,Malang,8.00 - 17.00,150000,4.3,100
Adi Susanto,Design dan Cetak,Susanto Design dan Cetak,Bandung,11.00 - 16.00,130000,4.9,39
Yanti Susanto,Tukang Listrik Rumah Tangga,Susanto Tukang Listrik Rumah Tangga,Bandung,10.00 - 17.00,80000,4.7,88
Budi Susanto,Tukang Kayu,Susanto Tukang Kayu,Malang,8.00 - 17.00,80000,4.2,46
Sinta Hartono,Foto dan Videografi,Hartono Foto dan Videografi,Wonosobo,10.00 - 17.00,140000,4.5,39
Dian Kusuma,Tukang Kayu,Kusuma Tukang Kayu,Bandung,10.00 - 17.00,70000,4.2,39
Adi Wijaya,Instalasi Pipa,Wijaya Instalasi Pipa,Banyuwangi,8.00 - 17.00,80000,4.8,33
Eko Pratama,Design Logo,Pratama Design Logo,Wonosobo,8.00 - 17.00,80000,4.7,2
Joko Saputra,Tukang Kayu,Saputra Tukang Kayu,Kebumen,10.00 - 17.00,90000,4.1,100
Lina Hartono,Foto dan Videografi,Hartono Foto dan Videografi,Bekasi,7.00 - 17.00,70000,4.9,76
Dwi Saputra,Tukang Listrik Rumah Tangga,Saputra Tukang Listrik Rumah Tangga,Malang,10.00 - 17.00,150000,4,100
Arif Wibowo,Design dan Cetak,Wibowo Design dan Cetak,Boyolali,7.00 - 17.00,90000,3.2,95
Siti Utami,Tukang Bangunan dan Pengecetan,Utami Tukang Bangunan dan Pengecetan,Sleman,7.00 - 17.00,60000,3.2,100
Hery Utami,Tukang Kayu,Utami Tukang Kayu,Wonosobo,10.00 - 17.00,150000,2.8,80
Dewa Wibowo,Design dan Cetak,Wibowo Design dan Cetak,Cilacap,11.00 - 16.00,100000,4.1,5
Lina Setiawan,Instalasi Pipa,Setiawan Instalasi Pipa,Wonosobo,11.00 - 16.00,130000,4.7,87
Fina Hadi,Tukang Kayu,Hadi Tukang Kayu,Boyolali,8.00 - 17.00,100000,4.8,20
Ahmad Wijaya,Design dan Cetak,Wijaya Design dan Cetak,Pekalongan,7.00 - 17.00,120000,4.5,39
Linda Kurniawan,Tukang AC,Kurniawan Tukang AC,Wonosobo,11.00 - 16.00,95000,4.1,5
Rini Ningsih,Foto dan Videografi,Ningsih Foto dan Videografi,Sleman,10.00 - 17.00,95000,2.8,20
Ivan Utami,Design dan Fotografi,Utami Design dan Fotografi,Sleman,7.00 - 17.00,95000,3.5,47
Lina Ningsih,Instalasi Pipa,Ningsih Instalasi Pipa,Solo,7.00 - 17.00,80000,4.7,99
Fina Pratama,Tukang Bangunan dan Pengecetan,Pratama Tukang Bangunan dan Pengecetan,Sleman,7.00 - 17.00,60000,4.7,46
Rizki Nugroho,Instalasi Listrik,Nugroho Instalasi Listrik,Kebumen,7.00 - 17.00,150000,4.8,47
Andi Susanto,Tukang Listrik Rumah Tangga,Susanto Tukang Listrik Rumah Tangga,Bandung,11.00 - 16.00,95000,3.5,39
Ani Kusuma,Perpipaan Gas,Kusuma Perpipaan Gas,Solo,11.00 - 16.00,80000,4.7,33
Linda Sari,Tukang Bangunan dan Pengecetan,Sari Tukang Bangunan dan Pengecetan,Solo,10.00 - 17.00,70000,4.8,100
Eko Kusuma,Tukang Kayu,Kusuma Tukang Kayu,Cilacap,11.00 - 16.00,80000,4.6,50
Nina Gunawan,Instalasi Pipa,Gunawan Instalasi Pipa,Wonosobo,7.00 - 17.00,80000,4,47
Hadi Nugroho,Design dan Fotografi,Nugroho Design dan Fotografi,Kebumen,10.00 - 17.00,80000,4.9,80
Budi Gunawan,Tukang AC,Gunawan Tukang AC,Bandung,7.00 - 17.00,120000,3.2,39
Hadi Purba,Tukang Listrik Rumah Tangga,Purba Tukang Listrik Rumah Tangga,Bandung,7.00 - 17.00,140000,3.2,80
Arif Permatasari,Foto dan Videografi,Permatasari Foto dan Videografi,Solo,7.00 - 17.00,100000,4,1
Siti Gunawan,Tukang Listrik Rumah Tangga,Gunawan Tukang Listrik Rumah Tangga,Sleman,8.00 - 17.00,95000,4.2,76
Ahmad Kurniawan,Tukang AC,Kurniawan Tukang AC,Sleman,11.00 - 16.00,80000,4.3,50
Citra Hartono,Instalasi Pipa,Hartono Instalasi Pipa,Tasikmalaya,11.00 - 16.00,60000,4.9,20
Surya Ningsih,Perpipaan Gas,Ningsih Perpipaan Gas,Malang,11.00 - 16.00,100000,4,99
Yanti Ningsih,Tukang Aluminium,Ningsih Tukang Aluminium,Cilacap,7.00 - 17.00,100000,2.8,95
Maya Sari,Design Logo,Sari Design Logo,Bekasi,7.00 - 17.00,90000,2.8,47
Rahayu Gunawan,Instalasi Listrik,Gunawan Instalasi Listrik,Tasikmalaya,7.00 - 17.00,60000,4.3,22
Joko Saputri,Tukang AC,Saputri Tukang AC,Banyuwangi,11.00 - 16.00,95000,3.2,80
Hendra Kurniawan,Instalasi Listrik,Kurniawan Instalasi Listrik,Tasikmalaya,11.00 - 16.00,90000,3.5,20
Rahayu Ningsih,Design Logo,Ningsih Design Logo,Cilacap,7.00 - 17.00,120000,4.3,20
Rahayu Kusuma,Design Logo,Kusuma Design Logo,Cilacap,8.00 - 17.00,70000,4.8,99
Agus Sari,Instalasi Pipa,Sari Instalasi Pipa,Surabaya,7.00 - 17.00,60000,4.2,17
Andi Hadi,Tukang Aluminium,Hadi Tukang Aluminium,Semarang,8.00 - 17.00,150000,4.5,87
Andi Saputri,Tukang Aluminium,Saputri Tukang Aluminium,Semarang,8.00 - 17.00,130000,2.8,99
Lina Lestari,Tukang Aluminium,Lestari Tukang Aluminium,Solo,7.00 - 17.00,150000,3.5,1
Sari Ningsih,Design dan Fotografi,Ningsih Design dan Fotografi,Solo,7.00 - 17.00,90000,4.5,80
Andi Kusuma,Instalasi Listrik,Kusuma Instalasi Listrik,Purwokerto,10.00 - 17.00,90000,4.7,95
Rudi Nugroho,Design dan Cetak,Nugroho Design dan Cetak,Solo,10.00 - 17.00,70000,2.8,76
Agus Sari,Tukang Kayu,Sari Tukang Kayu,Malang,8.00 - 17.00,60000,4,50
Hadi Ningsih,Design dan Cetak,Ningsih Design dan Cetak,Pekalongan,7.00 - 17.00,70000,4.2,33
Rudi Pratama,Design Logo,Pratama Design Logo,Bekasi,8.00 - 17.00,140000,3.2,76
Putri Pratama,Tukang AC,Pratama Tukang AC,Bekasi,8.00 - 17.00,70000,4.3,33
Hadi Saputra,Tukang Aluminium,Saputra Tukang Aluminium,Malang,7.00 - 17.00,140000,4.3,1
Ahmad Nugroho,Design dan Cetak,Nugroho Design dan Cetak,Banyuwangi,7.00 - 17.00,60000,4.7,87
Rina Setiawan,Tukang AC,Setiawan Tukang AC,Solo,10.00 - 17.00,80000,4.6,17
Arif Wijaya,Design dan Cetak,Wijaya Design dan Cetak,Semarang,7.00 - 17.00,130000,4.5,88
Siti Lestari,Perpipaan Gas,Lestari Perpipaan Gas,Tasikmalaya,11.00 - 16.00,60000,4.8,20
Agus Hartono,Instalasi Listrik,Hartono Instalasi Listrik,Surabaya,10.00 - 17.00,120000,4.1,87
Arief Wati,Tukang Kayu,Wati Tukang Kayu,Cilacap,7.00 - 17.00,60000,4,33
Siti Wati,Tukang Aluminium,Wati Tukang Aluminium,Wonosobo,11.00 - 16.00,95000,4.1,2
Nina Permatasari,Tukang Kayu,Permatasari Tukang Kayu,Malang,7.00 - 17.00,95000,3.2,33
Rahayu Permatasari,Tukang Kayu,Permatasari Tukang Kayu,Malang,10.00 - 17.00,90000,3.2,33
Toni Ningsih,Tukang Kayu,Ningsih Tukang Kayu,Sleman,7.00 - 17.00,120000,4.1,50
Putri Purba,Design Logo,Purba Design Logo,Boyolali,10.00 - 17.00,120000,4.1,33
Dian Kurniawan,Foto dan Videografi,Kurniawan Foto dan Videografi,Surabaya,11.00 - 16.00,70000,4.6,50
Adi Hartono,Instalasi Listrik,Hartono Instalasi Listrik,Solo,11.00 - 16.00,90000,3.5,76
Hadi Kurniawan,Perpipaan Gas,Kurniawan Perpipaan Gas,Purwokerto,10.00 - 17.00,150000,4,22
Citra Hadi,Tukang AC,Hadi Tukang AC,Cilacap,11.00 - 16.00,100000,4.7,88
Sari Setiawan,Tukang Bangunan dan Pengecetan,Setiawan Tukang Bangunan dan Pengecetan,Tasikmalaya,8.00 - 17.00,70000,4.6,95
Fina Pratama,Foto dan Videografi,Pratama Foto dan Videografi,Tasikmalaya,10.00 - 17.00,130000,4.3,5
Joko Lestari,Foto dan Videografi,Lestari Foto dan Videografi,Cilacap,10.00 - 17.00,80000,2.8,20
Dewi Lestari,Tukang Kayu,Lestari Tukang Kayu,Bandung,11.00 - 16.00,95000,3.2,87
Linda Purba,Tukang Listrik Rumah Tangga,Purba Tukang Listrik Rumah Tangga,Surabaya,10.00 - 17.00,60000,4.2,5
Joko Hartono,Instalasi Pipa,Hartono Instalasi Pipa,Boyolali,7.00 - 17.00,80000,4,80
Maya Purba,Tukang Kayu,Purba Tukang Kayu,Banyuwangi,11.00 - 16.00,140000,4.1,47
Arief Kusuma,Instalasi Pipa,Kusuma Instalasi Pipa,Pekalongan,11.00 - 16.00,80000,4.1,95
Citra Susanto,Tukang Kayu,Susanto Tukang Kayu,Bandung,11.00 - 16.00,150000,4.2,5
Dwi Nugroho,Perpipaan Gas,Nugroho Perpipaan Gas,Tasikmalaya,8.00 - 17.00,150000,4.7,17
Fitri Lestari,Tukang Aluminium,Lestari Tukang Aluminium,Solo,11.00 - 16.00,70000,4.7,95
Putri Hartono,Design dan Cetak,Hartono Design dan Cetak,Cilacap,8.00 - 17.00,80000,4.9,17
Hendra Pratama,Design dan Fotografi,Pratama Design dan Fotografi,Solo,10.00 - 17.00,130000,4.5,47
Nina Wijaya,Tukang Listrik Rumah Tangga,Wijaya Tukang Listrik Rumah Tangga,Banyuwangi,10.00 - 17.00,95000,4.1,80
Andi Wijaya,Design Logo,Wijaya Design Logo,Pekalongan,11.00 - 16.00,70000,4,95
Dewi Gunawan,Tukang AC,Gunawan Tukang AC,Tasikmalaya,11.00 - 16.00,90000,4,87
Citra Sari,Tukang Aluminium,Sari Tukang Aluminium,Wonosobo,8.00 - 17.00,150000,3.2,80
Joko Lestari,Tukang Aluminium,Lestari Tukang Aluminium,Banyuwangi,8.00 - 17.00,130000,4.6,1
Agus Hartono,Tukang Bangunan dan Pengecetan,Hartono Tukang Bangunan dan Pengecetan,Surabaya,7.00 - 17.00,130000,4.5,50
Dian Wijaya,Tukang Aluminium,Wijaya Tukang Aluminium,Boyolali,7.00 - 17.00,70000,4.7,80
Sinta Kusuma,Tukang Listrik Rumah Tangga,Kusuma Tukang Listrik Rumah Tangga,Solo,10.00 - 17.00,100000,4.1,20
Linda Saputra,Tukang Kayu,Saputra Tukang Kayu,Kebumen,11.00 - 16.00,140000,4.1,17
Hendra Permatasari,Instalasi Listrik,Permatasari Instalasi Listrik,Sleman,10.00 - 17.00,130000,2.8,47
Reza Setiawan,Design Logo,Setiawan Design Logo,Kebumen,8.00 - 17.00,130000,4.3,33
Siti Kurniawan,Instalasi Pipa,Kurniawan Instalasi Pipa,Boyolali,7.00 - 17.00,70000,3.5,88
Nina Sari,Design Logo,Sari Design Logo,Cilacap,10.00 - 17.00,60000,4.2,76
Ratna Setiawan,Instalasi Pipa,Setiawan Instalasi Pipa,Bekasi,8.00 - 17.00,80000,4.7,95
Agus Saputri,Tukang Kayu,Saputri Tukang Kayu,Pekalongan,11.00 - 16.00,70000,4,14
Reza Kurniawan,Design dan Cetak,Kurniawan Design dan Cetak,Malang,11.00 - 16.00,120000,4.5,95
Putri Susanto,Foto dan Videografi,Susanto Foto dan Videografi,Semarang,8.00 - 17.00,80000,2.8,87
Rudi Saputri,Perpipaan Gas,Saputri Perpipaan Gas,Pekalongan,10.00 - 17.00,60000,4.3,95
Adi Kurniawan,Instalasi Listrik,Kurniawan Instalasi Listrik,Tasikmalaya,7.00 - 17.00,130000,3.5,17
Rudi Sari,Design dan Fotografi,Sari Design dan Fotografi,Purwokerto,7.00 - 17.00,140000,4.7,95
Putri Permatasari,Tukang Bangunan dan Pengecetan,Permatasari Tukang Bangunan dan Pengecetan,Bandung,8.00 - 17.00,100000,4,22
Hery Lestari,Tukang Kayu,Lestari Tukang Kayu,Pekalongan,8.00 - 17.00,120000,4.3,22
Arif Kurniawan,Tukang Bangunan dan Pengecetan,Kurniawan Tukang Bangunan dan Pengecetan,Malang,7.00 - 17.00,70000,4.3,14
Ani Saputri,Design dan Cetak,Saputri Design dan Cetak,Kebumen,10.00 - 17.00,60000,2.8,99
Rudi Wibowo,Perpipaan Gas,Wibowo Perpipaan Gas,Wonosobo,11.00 - 16.00,80000,2.8,17
Ivan Saputra,Foto dan Videografi,Saputra Foto dan Videografi,Surabaya,11.00 - 16.00,70000,4.7,5
Rina Saputri,Tukang Bangunan dan Pengecetan,Saputri Tukang Bangunan dan Pengecetan,Pekalongan,8.00 - 17.00,150000,4.9,95
Hery Gunawan,Instalasi Listrik,Gunawan Instalasi Listrik,Tasikmalaya,7.00 - 17.00,60000,4.9,1
Ivan Kusuma,Instalasi Pipa,Kusuma Instalasi Pipa,Pekalongan,8.00 - 17.00,120000,2.8,5
Adi Gunawan,Tukang Listrik Rumah Tangga,Gunawan Tukang Listrik Rumah Tangga,Bekasi,7.00 - 17.00,120000,4.5,50
Wati Ningsih,Perpipaan Gas,Ningsih Perpipaan Gas,Cilacap,7.00 - 17.00,95000,4.3,100
Linda Saputra,Instalasi Listrik,Saputra Instalasi Listrik,Solo,8.00 - 17.00,80000,4.6,80
Rizki Wibowo,Tukang Kayu,Wibowo Tukang Kayu,Tasikmalaya,7.00 - 17.00,70000,4,47
Lina Wijaya,Perpipaan Gas,Wijaya Perpipaan Gas,Sleman,8.00 - 17.00,90000,4.3,87
Ivan Saputra,Foto dan Videografi,Saputra Foto dan Videografi,Solo,7.00 - 17.00,100000,4.7,95
Joko Kurniawan,Tukang Listrik Rumah Tangga,Kurniawan Tukang Listrik Rumah Tangga,Kebumen,7.00 - 17.00,120000,3.5,5
Surya Sari,Instalasi Listrik,Sari Instalasi Listrik,Sleman,8.00 - 17.00,60000,4.2,1
Ani Wibowo,Tukang Bangunan dan Pengecetan,Wibowo Tukang Bangunan dan Pengecetan,Tasikmalaya,7.00 - 17.00,140000,4.5,39
Hadi Kusuma,Perpipaan Gas,Kusuma Perpipaan Gas,Banyuwangi,11.00 - 16.00,80000,4.8,20
Dwi Susanto,Perpipaan Gas,Susanto Perpipaan Gas,Sleman,8.00 - 17.00,90000,4.7,99
Wati Nugroho,Instalasi Pipa,Nugroho Instalasi Pipa,Boyolali,8.00 - 17.00,150000,4.6,47
Sinta Susanto,Tukang Kayu,Susanto Tukang Kayu,Surabaya,8.00 - 17.00,100000,4.3,50
Hadi Utami,Instalasi Pipa,Utami Instalasi Pipa,Bekasi,10.00 - 17.00,95000,4.9,20
Budi Gunawan,Perpipaan Gas,Gunawan Perpipaan Gas,Surabaya,8.00 - 17.00,150000,3.2,100
Reza Ningsih,Tukang Listrik Rumah Tangga,Ningsih Tukang Listrik Rumah Tangga,Kebumen,7.00 - 17.00,70000,4,20
Agus Wati,Tukang Bangunan dan Pengecetan,Wati Tukang Bangunan dan Pengecetan,Bandung,10.00 - 17.00,150000,4.1,2
Dwi Wati,Tukang Aluminium,Wati Tukang Aluminium,Solo,8.00 - 17.00,150000,4.2,2
Arif Wibowo,Foto dan Videografi,Wibowo Foto dan Videografi,Cilacap,7.00 - 17.00,60000,3.5,1
Hery Ningsih,Tukang Kayu,Ningsih Tukang Kayu,Banyuwangi,7.00 - 17.00,80000,3.2,14
Nina Permatasari,Tukang AC,Permatasari Tukang AC,Pekalongan,10.00 - 17.00,140000,3.5,99
Nina Kurniawan,Tukang Listrik Rumah Tangga,Kurniawan Tukang Listrik Rumah Tangga,Tasikmalaya,7.00 - 17.00,100000,3.2,33
Arif Saputri,Foto dan Videografi,Saputri Foto dan Videografi,Cilacap,7.00 - 17.00,140000,4.1,39
Arif Wijaya,Tukang Bangunan dan Pengecetan,Wijaya Tukang Bangunan dan Pengecetan,Solo,8.00 - 17.00,120000,4.8,47
Dewi Wijaya,Instalasi Listrik,Wijaya Instalasi Listrik,Solo,10.00 - 17.00,95000,3.2,95
Maya Purba,Design dan Fotografi,Purba Design dan Fotografi,Bekasi,7.00 - 17.00,140000,3.2,5
Agus Kurniawan,Tukang AC,Kurniawan Tukang AC,Surabaya,8.00 - 17.00,70000,4.6,14
Reza Purba,Design Logo,Purba Design Logo,Semarang,10.00 - 17.00,60000,3.2,50
Andi Permatasari,Design Logo,Permatasari Design Logo,Wonosobo,8.00 - 17.00,95000,4.7,20
Ivan Nugroho,Tukang Listrik Rumah Tangga,Nugroho Tukang Listrik Rumah Tangga,Boyolali,11.00 - 16.00,90000,4.3,39
Hendra Hartono,Design dan Cetak,Hartono Design dan Cetak,Surabaya,10.00 - 17.00,90000,3.2,17
Maya Wibowo,Instalasi Listrik,Wibowo Instalasi Listrik,Wonosobo,10.00 - 17.00,140000,4.9,20
Arief Hartono,Foto dan Videografi,Hartono Foto dan Videografi,Tasikmalaya,7.00 - 17.00,100000,3.2,33
Fina Saputri,Tukang Aluminium,Saputri Tukang Aluminium,Solo,7.00 - 17.00,80000,4.6,95
Eko Permatasari,Tukang Bangunan dan Pengecetan,Permatasari Tukang Bangunan dan Pengecetan,Bekasi,7.00 - 17.00,95000,4.9,80
Dewa Wibowo,Foto dan Videografi,Wibowo Foto dan Videografi,Bandung,10.00 - 17.00,140000,3.2,1
Sinta Lestari,Tukang Kayu,Lestari Tukang Kayu,Cilacap,7.00 - 17.00,95000,4,47
Budi Sari,Design dan Cetak,Sari Design dan Cetak,Sleman,10.00 - 17.00,100000,4.3,33
Siti Permatasari,Tukang Kayu,Permatasari Tukang Kayu,Bandung,7.00 - 17.00,70000,3.5,47
Fina Kusuma,Instalasi Pipa,Kusuma Instalasi Pipa,Solo,11.00 - 16.00,120000,4.1,46
Eko Utami,Perpipaan Gas,Utami Perpipaan Gas,Banyuwangi,7.00 - 17.00,100000,4.9,95
Toni Susanto,Instalasi Pipa,Susanto Instalasi Pipa,Purwokerto,10.00 - 17.00,140000,4.1,2
Reza Saputri,Design Logo,Saputri Design Logo,Bandung,10.00 - 17.00,90000,4.7,46
Andi Saputra,Tukang Aluminium,Saputra Tukang Aluminium,Semarang,10.00 - 17.00,95000,4.2,99
Rudi Permatasari,Tukang Aluminium,Permatasari Tukang Aluminium,Sleman,10.00 - 17.00,70000,4.8,87
Budi Kurniawan,Tukang Bangunan dan Pengecetan,Kurniawan Tukang Bangunan dan Pengecetan,Bandung,8.00 - 17.00,140000,4.3,1
Joko Permatasari,Tukang Bangunan dan Pengecetan,Permatasari Tukang Bangunan dan Pengecetan,Pekalongan,10.00 - 17.00,90000,4,20
Ahmad Pratama,Foto dan Videografi,Pratama Foto dan Videografi,Pekalongan,10.00 - 17.00,60000,3.5,5
Fina Utami,Instalasi Listrik,Utami Instalasi Listrik,Boyolali,11.00 - 16.00,150000,3.2,14
Ani Permatasari,Instalasi Pipa,Permatasari Instalasi Pipa,Banyuwangi,7.00 - 17.00,150000,4.9,17
Joko Saputri,Perpipaan Gas,Saputri Perpipaan Gas,Bekasi,11.00 - 16.00,95000,2.8,50
Joko Wijaya,Perpipaan Gas,Wijaya Perpipaan Gas,Sleman,8.00 - 17.00,90000,4.8,22
Rizki Lestari,Tukang Listrik Rumah Tangga,Lestari Tukang Listrik Rumah Tangga,Surabaya,10.00 - 17.00,95000,4.2,5
Linda Saputri,Design dan Fotografi,Saputri Design dan Fotografi,Surabaya,11.00 - 16.00,100000,4.9,46
Budi Susanto,Design dan Fotografi,Susanto Design dan Fotografi,Pekalongan,8.00 - 17.00,140000,4.1,39
Sari Ningsih,Design dan Fotografi,Ningsih Design dan Fotografi,Boyolali,11.00 - 16.00,70000,3.2,39
Ani Pratama,Instalasi Listrik,Pratama Instalasi Listrik,Kebumen,11.00 - 16.00,60000,2.8,95
Citra Pratama,Design Logo,Pratama Design Logo,Sleman,7.00 - 17.00,90000,4.8,20
Budi Gunawan,Tukang Listrik Rumah Tangga,Gunawan Tukang Listrik Rumah Tangga,Tasikmalaya,7.00 - 17.00,120000,4.3,33
Andi Kusuma,Tukang AC,Kusuma Tukang AC,Bekasi,10.00 - 17.00,90000,4.6,1
Joko Kurniawan,Foto dan Videografi,Kurniawan Foto dan Videografi,Pekalongan,10.00 - 17.00,70000,4,5
Citra Permatasari,Instalasi Listrik,Permatasari Instalasi Listrik,Tasikmalaya,11.00 - 16.00,90000,3.5,47
Yanti Purba,Design Logo,Purba Design Logo,Boyolali,7.00 - 17.00,70000,4.3,5
Adi Ningsih,Design dan Fotografi,Ningsih Design dan Fotografi,Semarang,7.00 - 17.00,100000,4.8,87
Eko Hadi,Tukang AC,Hadi Tukang AC,Cilacap,10.00 - 17.00,70000,3.5,2
Siti Permatasari,Tukang Bangunan dan Pengecetan,Permatasari Tukang Bangunan dan Pengecetan,Purwokerto,7.00 - 17.00,60000,4.7,76
Rahayu Purba,Tukang Bangunan dan Pengecetan,Purba Tukang Bangunan dan Pengecetan,Purwokerto,11.00 - 16.00,90000,4.1,14
Toni Nugroho,Design Logo,Nugroho Design Logo,Pekalongan,8.00 - 17.00,80000,4.7,87
Lina Saputra,Tukang Aluminium,Saputra Tukang Aluminium,Bandung,10.00 - 17.00,130000,4.7,99
Ratna Saputri,Instalasi Listrik,Saputri Instalasi Listrik,Wonosobo,11.00 - 16.00,90000,4.3,88
Linda Lestari,Tukang Kayu,Lestari Tukang Kayu,Cilacap,11.00 - 16.00,60000,4.8,88
Reza Setiawan,Design dan Fotografi,Setiawan Design dan Fotografi,Purwokerto,11.00 - 16.00,150000,4.1,47
Yanti Permatasari,Instalasi Pipa,Permatasari Instalasi Pipa,Bandung,10.00 - 17.00,80000,4.3,47
Hery Ningsih,Tukang Bangunan dan Pengecetan,Ningsih Tukang Bangunan dan Pengecetan,Wonosobo,10.00 - 17.00,60000,4.8,33
Hadi Sari,Design Logo,Sari Design Logo,Semarang,8.00 - 17.00,70000,4.1,47
Fina Susanto,Design dan Fotografi,Susanto Design dan Fotografi,Banyuwangi,7.00 - 17.00,150000,3.5,33
Ivan Kurniawan,Design dan Cetak,Kurniawan Design dan Cetak,Surabaya,11.00 - 16.00,150000,3.2,22
Nina Setiawan,Perpipaan Gas,Setiawan Perpipaan Gas,Pekalongan,11.00 - 16.00,95000,4.8,95
Adi Ningsih,Tukang Kayu,Ningsih Tukang Kayu,Semarang,8.00 - 17.00,80000,4.9,47
Surya Gunawan,Perpipaan Gas,Gunawan Perpipaan Gas,Solo,11.00 - 16.00,120000,3.5,14
Putri Setiawan,Tukang Aluminium,Setiawan Tukang Aluminium,Tasikmalaya,10.00 - 17.00,150000,2.8,99
Dewi Wijaya,Tukang Bangunan dan Pengecetan,Wijaya Tukang Bangunan dan Pengecetan,Purwokerto,8.00 - 17.00,150000,4.7,80
Rahayu Kurniawan,Instalasi Listrik,Kurniawan Instalasi Listrik,Malang,11.00 - 16.00,100000,4.7,2
Linda Nugroho,Tukang Listrik Rumah Tangga,Nugroho Tukang Listrik Rumah Tangga,Semarang,8.00 - 17.00,140000,4.3,20
Yanti Kusuma,Tukang Listrik Rumah Tangga,Kusuma Tukang Listrik Rumah Tangga,Sleman,11.00 - 16.00,130000,3.2,95
Andi Permatasari,Foto dan Videografi,Permatasari Foto dan Videografi,Sleman,7.00 - 17.00,150000,4.2,95
Dian Utami,Tukang Bangunan dan Pengecetan,Utami Tukang Bangunan dan Pengecetan,Banyuwangi,7.00 - 17.00,90000,3.2,14
Citra Saputra,Design dan Cetak,Saputra Design dan Cetak,Bandung,11.00 - 16.00,140000,4.7,80
Fina Saputri,Perpipaan Gas,Saputri Perpipaan Gas,Wonosobo,7.00 - 17.00,150000,4.7,5
Fitri Susanto,Tukang Bangunan dan Pengecetan,Susanto Tukang Bangunan dan Pengecetan,Bandung,11.00 - 16.00,150000,2.8,50
Rudi Saputri,Tukang Listrik Rumah Tangga,Saputri Tukang Listrik Rumah Tangga,Bekasi,8.00 - 17.00,120000,4.5,47
Rizki Susanto,Tukang Listrik Rumah Tangga,Susanto Tukang Listrik Rumah Tangga,Malang,10.00 - 17.00,120000,4.6,17
Fitri Hartono,Tukang Kayu,Hartono Tukang Kayu,Solo,10.00 - 17.00,95000,3.2,20
Fitri Kusuma,Instalasi Listrik,Kusuma Instalasi Listrik,Purwokerto,11.00 - 16.00,95000,4.6,50
Dwi Setiawan,Design Logo,Setiawan Design Logo,Solo,7.00 - 17.00,150000,4.9,50
Fina Kurniawan,Instalasi Pipa,Kurniawan Instalasi Pipa,Tasikmalaya,7.00 - 17.00,140000,4.5,20
Joko Permatasari,Design dan Fotografi,Permatasari Design dan Fotografi,Sleman,10.00 - 17.00,60000,4.8,1
Ahmad Purba,Instalasi Listrik,Purba Instalasi Listrik,Malang,11.00 - 16.00,60000,4.5,2
Ratna Susanto,Tukang AC,Susanto Tukang AC,Banyuwangi,10.00 - 17.00,100000,4.7,80
Lina Gunawan,Tukang Kayu,Gunawan Tukang Kayu,Kebumen,8.00 - 17.00,120000,4.8,22
Hendra Setiawan,Instalasi Pipa,Setiawan Instalasi Pipa,Surabaya,7.00 - 17.00,100000,4.5,95
Ahmad Saputra,Instalasi Listrik,Saputra Instalasi Listrik,Wonosobo,10.00 - 17.00,70000,4.8,33
Nina Gunawan,Tukang Aluminium,Gunawan Tukang Aluminium,Solo,8.00 - 17.00,70000,4.1,47
Ivan Pratama,Design dan Cetak,Pratama Design dan Cetak,Banyuwangi,8.00 - 17.00,120000,4.6,39
Ahmad Sari,Design dan Fotografi,Sari Design dan Fotografi,Sleman,11.00 - 16.00,130000,3.2,87
Rahayu Utami,Instalasi Listrik,Utami Instalasi Listrik,Malang,11.00 - 16.00,100000,4,14
Dian Hartono,Instalasi Pipa,Hartono Instalasi Pipa,Bekasi,10.00 - 17.00,120000,4.8,100
Hadi Saputri,Design dan Fotografi,Saputri Design dan Fotografi,Bandung,10.00 - 17.00,120000,4.8,14
Linda Lestari,Tukang Kayu,Lestari Tukang Kayu,Kebumen,10.00 - 17.00,60000,4.3,20
Joko Wijaya,Design Logo,Wijaya Design Logo,Cilacap,7.00 - 17.00,120000,4.8,20
Wati Kurniawan,Foto dan Videografi,Kurniawan Foto dan Videografi,Solo,11.00 - 16.00,80000,4.3,33
Fitri Setiawan,Tukang Listrik Rumah Tangga,Setiawan Tukang Listrik Rumah Tangga,Tasikmalaya,11.00 - 16.00,150000,4.6,22
Sinta Wijaya,Design Logo,Wijaya Design Logo,Pekalongan,7.00 - 17.00,60000,4.8,50
Toni Ningsih,Tukang Kayu,Ningsih Tukang Kayu,Semarang,7.00 - 17.00,130000,4.1,1
Nina Hartono,Tukang Aluminium,Hartono Tukang Aluminium,Kebumen,11.00 - 16.00,60000,4.6,80
Fitri Sari,Tukang AC,Sari Tukang AC,Solo,11.00 - 16.00,95000,4.8,1
Nina Utami,Design Logo,Utami Design Logo,Sleman,11.00 - 16.00,140000,4.7,100
Rizki Wibowo,Tukang AC,Wibowo Tukang AC,Tasikmalaya,11.00 - 16.00,120000,4.3,95
Fitri Sari,Perpipaan Gas,Sari Perpipaan Gas,Kebumen,7.00 - 17.00,60000,4.6,95
Wati Setiawan,Tukang Aluminium,Setiawan Tukang Aluminium,Bekasi,10.00 - 17.00,140000,3.2,1
Fina Kurniawan,Design dan Cetak,Kurniawan Design dan Cetak,Malang,7.00 - 17.00,120000,4.6,76
Lina Wijaya,Tukang Bangunan dan Pengecetan,Wijaya Tukang Bangunan dan Pengecetan,Kebumen,10.00 - 17.00,130000,4.8,2
Rini Saputri,Design dan Cetak,Saputri Design dan Cetak,Boyolali,10.00 - 17.00,95000,4.3,95
Linda Hartono,Instalasi Listrik,Hartono Instalasi Listrik,Kebumen,10.00 - 17.00,130000,4.3,14
Maya Saputri,Instalasi Listrik,Saputri Instalasi Listrik,Surabaya,10.00 - 17.00,140000,4.9,1
Surya Setiawan,Instalasi Listrik,Setiawan Instalasi Listrik,Semarang,8.00 - 17.00,100000,4,76
Ratna Wati,Perpipaan Gas,Wati Perpipaan Gas,Tasikmalaya,11.00 - 16.00,150000,2.8,47
Yanti Pratama,Instalasi Pipa,Pratama Instalasi Pipa,Malang,11.00 - 16.00,90000,4.8,80
Dian Wijaya,Tukang AC,Wijaya Tukang AC,Wonosobo,10.00 - 17.00,70000,4,80
Eko Gunawan,Tukang Kayu,Gunawan Tukang Kayu,Sleman,7.00 - 17.00,90000,4,50
Dewi Susanto,Design dan Fotografi,Susanto Design dan Fotografi,Cilacap,11.00 - 16.00,120000,4.1,46
Lina Sari,Tukang Kayu,Sari Tukang Kayu,Banyuwangi,7.00 - 17.00,150000,4.2,100
Lina Pratama,Perpipaan Gas,Pratama Perpipaan Gas,Wonosobo,7.00 - 17.00,120000,4.7,2
Fina Nugroho,Perpipaan Gas,Nugroho Perpipaan Gas,Boyolali,11.00 - 16.00,95000,4.9,99
Putri Wati,Tukang Listrik Rumah Tangga,Wati Tukang Listrik Rumah Tangga,Kebumen,11.00 - 16.00,130000,3.5,88
Rini Hadi,Instalasi Pipa,Hadi Instalasi Pipa,Cilacap,11.00 - 16.00,140000,4.6,100
Yanti Setiawan,Design dan Fotografi,Setiawan Design dan Fotografi,Semarang,11.00 - 16.00,100000,4.6,99
Ivan Wijaya,Instalasi Listrik,Wijaya Instalasi Listrik,Bandung,10.00 - 17.00,80000,4.1,47
Adi Setiawan,Tukang Listrik Rumah Tangga,Setiawan Tukang Listrik Rumah Tangga,Cilacap,7.00 - 17.00,130000,4.1,14
Putri Gunawan,Design dan Fotografi,Gunawan Design dan Fotografi,Surabaya,8.00 - 17.00,100000,3.2,20
Surya Susanto,Perpipaan Gas,Susanto Perpipaan Gas,Cilacap,11.00 - 16.00,60000,4.6,2
Toni Wibowo,Foto dan Videografi,Wibowo Foto dan Videografi,Banyuwangi,10.00 - 17.00,80000,4.9,95
Rina Gunawan,Foto dan Videografi,Gunawan Foto dan Videografi,Bandung,11.00 - 16.00,100000,2.8,87
Adi Pratama,Perpipaan Gas,Pratama Perpipaan Gas,Surabaya,8.00 - 17.00,60000,4.6,22
Rizki Hadi,Perpipaan Gas,Hadi Perpipaan Gas,Bandung,11.00 - 16.00,150000,4.3,46
Citra Purba,Foto dan Videografi,Purba Foto dan Videografi,Malang,8.00 - 17.00,90000,2.8,2
Dewi Setiawan,Tukang Kayu,Setiawan Tukang Kayu,Wonosobo,11.00 - 16.00,95000,4.9,87
Citra Gunawan,Perpipaan Gas,Gunawan Perpipaan Gas,Bandung,7.00 - 17.00,70000,4.7,1
Rina Wati,Tukang Bangunan dan Pengecetan,Wati Tukang Bangunan dan Pengecetan,Kebumen,8.00 - 17.00,95000,4,100
Rina Utami,Tukang Listrik Rumah Tangga,Utami Tukang Listrik Rumah Tangga,Solo,11.00 - 16.00,70000,4.3,80
Rina Permatasari,Design dan Fotografi,Permatasari Design dan Fotografi,Cilacap,8.00 - 17.00,70000,2.8,99
Ratna Hadi,Foto dan Videografi,Hadi Foto dan Videografi,Bekasi,11.00 - 16.00,130000,4.2,22
Maya Nugroho,Tukang Kayu,Nugroho Tukang Kayu,Sleman,7.00 - 17.00,140000,4.2,5
Surya Pratama,Design dan Fotografi,Pratama Design dan Fotografi,Wonosobo,8.00 - 17.00,70000,4.7,100
Rini Hadi,Tukang Listrik Rumah Tangga,Hadi Tukang Listrik Rumah Tangga,Malang,11.00 - 16.00,120000,3.2,1
Toni Permatasari,Foto dan Videografi,Permatasari Foto dan Videografi,Semarang,7.00 - 17.00,120000,4.3,50
Hendra Permatasari,Tukang Listrik Rumah Tangga,Permatasari Tukang Listrik Rumah Tangga,Cilacap,7.00 - 17.00,100000,4.8,80
Hadi Wibowo,Design Logo,Wibowo Design Logo,Banyuwangi,10.00 - 17.00,150000,3.2,99
Fitri Hartono,Design Logo,Hartono Design Logo,Cilacap,11.00 - 16.00,70000,4.6,20
Hendra Gunawan,Foto dan Videografi,Gunawan Foto dan Videografi,Purwokerto,7.00 - 17.00,90000,4.6,33
Fina Kusuma,Foto dan Videografi,Kusuma Foto dan Videografi,Semarang,8.00 - 17.00,80000,4,50
Rina Sari,Perpipaan Gas,Sari Perpipaan Gas,Sleman,8.00 - 17.00,70000,4.2,100
Siti Setiawan,Design dan Cetak,Setiawan Design dan Cetak,Kebumen,7.00 - 17.00,90000,4.5,33
Sinta Hadi,Tukang Bangunan dan Pengecetan,Hadi Tukang Bangunan dan Pengecetan,Kebumen,10.00 - 17.00,120000,4.6,33
Dewi Lestari,Foto dan Videografi,Lestari Foto dan Videografi,Kebumen,8.00 - 17.00,100000,4.5,47
Nina Gunawan,Tukang Bangunan dan Pengecetan,Gunawan Tukang Bangunan dan Pengecetan,Cilacap,11.00 - 16.00,140000,4.1,76
Arif Pratama,Tukang Kayu,Pratama Tukang Kayu,Pekalongan,10.00 - 17.00,140000,4,76
Reza Purba,Tukang Listrik Rumah Tangga,Purba Tukang Listrik Rumah Tangga,Bandung,11.00 - 16.00,90000,4.3,87
Hadi Hadi,Tukang Aluminium,Hadi Tukang Aluminium,Boyolali,7.00 - 17.00,120000,4.7,80
Maya Hadi,Tukang Listrik Rumah Tangga,Hadi Tukang Listrik Rumah Tangga,Semarang,8.00 - 17.00,150000,4.6,80
Lina Wibowo,Design dan Cetak,Wibowo Design dan Cetak,Solo,8.00 - 17.00,60000,3.2,99
Maya Lestari,Design dan Cetak,Lestari Design dan Cetak,Boyolali,11.00 - 16.00,95000,4.9,88
Reza Lestari,Tukang Kayu,Lestari Tukang Kayu,Bandung,11.00 - 16.00,90000,2.8,39
Dewa Gunawan,Perpipaan Gas,Gunawan Perpipaan Gas,Solo,8.00 - 17.00,120000,4.6,76
Agus Utami,Foto dan Videografi,Utami Foto dan Videografi,Bekasi,10.00 - 17.00,70000,2.8,14
Rudi Gunawan,Tukang Bangunan dan Pengecetan,Gunawan Tukang Bangunan dan Pengecetan,Boyolali,7.00 - 17.00,80000,4.1,88
Yanti Permatasari,Instalasi Listrik,Permatasari Instalasi Listrik,Bekasi,8.00 - 17.00,150000,4.2,33
Dian Wati,Tukang Aluminium,Wati Tukang Aluminium,Banyuwangi,8.00 - 17.00,150000,3.2,46
Hadi Sari,Tukang Kayu,Sari Tukang Kayu,Banyuwangi,7.00 - 17.00,80000,3.2,5
Fitri Wijaya,Design dan Cetak,Wijaya Design dan Cetak,Semarang,10.00 - 17.00,60000,4.7,1
Hendra Purba,Tukang Kayu,Purba Tukang Kayu,Kebumen,11.00 - 16.00,120000,3.2,22
Nina Saputra,Instalasi Pipa,Saputra Instalasi Pipa,Pekalongan,7.00 - 17.00,95000,3.5,1
Wati Pratama,Foto dan Videografi,Pratama Foto dan Videografi,Wonosobo,8.00 - 17.00,120000,4,99
Putri Susanto,Instalasi Listrik,Susanto Instalasi Listrik,Pekalongan,11.00 - 16.00,70000,3.5,95
Budi Lestari,Perpipaan Gas,Lestari Perpipaan Gas,Bandung,8.00 - 17.00,70000,2.8,47
Agus Sari,Foto dan Videografi,Sari Foto dan Videografi,Wonosobo,10.00 - 17.00,140000,4.6,5
Budi Nugroho,Tukang Aluminium,Nugroho Tukang Aluminium,Surabaya,7.00 - 17.00,130000,4.1,20
Ivan Hartono,Instalasi Listrik,Hartono Instalasi Listrik,Pekalongan,10.00 - 17.00,140000,4.7,14
Adi Sari,Tukang AC,Sari Tukang AC,Bandung,10.00 - 17.00,100000,4.8,88
Putri Setiawan,Perpipaan Gas,Setiawan Perpipaan Gas,Surabaya,11.00 - 16.00,70000,4.6,14
Ani Lestari,Tukang Aluminium,Lestari Tukang Aluminium,Bandung,7.00 - 17.00,70000,3.5,99
Rahayu Pratama,Instalasi Pipa,Pratama Instalasi Pipa,Bekasi,7.00 - 17.00,150000,4.9,33
Surya Nugroho,Tukang Kayu,Nugroho Tukang Kayu,Bekasi,8.00 - 17.00,80000,3.2,47
Yanti Wati,Tukang Aluminium,Wati Tukang Aluminium,Banyuwangi,7.00 - 17.00,60000,2.8,47
Citra Susanto,Instalasi Listrik,Susanto Instalasi Listrik,Pekalongan,8.00 - 17.00,140000,4.3,2
Rini Nugroho,Design dan Cetak,Nugroho Design dan Cetak,Solo,10.00 - 17.00,60000,4,17
Citra Permatasari,Tukang Kayu,Permatasari Tukang Kayu,Purwokerto,10.00 - 17.00,140000,4.3,17
Reza Kusuma,Instalasi Listrik,Kusuma Instalasi Listrik,Bekasi,11.00 - 16.00,130000,4.6,95
Ivan Susanto,Foto dan Videografi,Susanto Foto dan Videografi,Cilacap,11.00 - 16.00,70000,4,99
Ahmad Kurniawan,Design Logo,Kurniawan Design Logo,Bandung,8.00 - 17.00,95000,4,14
Dewa Wati,Design dan Fotografi,Wati Design dan Fotografi,Bekasi,10.00 - 17.00,150000,4.5,46
Joko Wati,Tukang Aluminium,Wati Tukang Aluminium,Bekasi,11.00 - 16.00,60000,4.5,33
Rizki Ningsih,Perpipaan Gas,Ningsih Perpipaan Gas,Pekalongan,8.00 - 17.00,150000,4.9,76
Arif Saputri,Tukang Aluminium,Saputri Tukang Aluminium,Wonosobo,11.00 - 16.00,95000,3.5,2
Toni Utami,Perpipaan Gas,Utami Perpipaan Gas,Malang,10.00 - 17.00,70000,4.2,80
Citra Nugroho,Instalasi Listrik,Nugroho Instalasi Listrik,Semarang,7.00 - 17.00,150000,4.9,17
Arif Hadi,Tukang AC,Hadi Tukang AC,Bandung,8.00 - 17.00,80000,4.6,22
Sari Pratama,Tukang Aluminium,Pratama Tukang Aluminium,Bandung,8.00 - 17.00,90000,4.8,50
Surya Lestari,Perpipaan Gas,Lestari Perpipaan Gas,Boyolali,10.00 - 17.00,70000,4.1,87
Siti Setiawan,Design dan Fotografi,Setiawan Design dan Fotografi,Cilacap,7.00 - 17.00,150000,4.3,1
Yanti Hadi,Design dan Cetak,Hadi Design dan Cetak,Tasikmalaya,8.00 - 17.00,150000,4.2,17
Rizki Susanto,Tukang Aluminium,Susanto Tukang Aluminium,Surabaya,8.00 - 17.00,70000,4.2,80
Fitri Nugroho,Tukang Kayu,Nugroho Tukang Kayu,Bekasi,10.00 - 17.00,140000,4.1,80
Dian Susanto,Perpipaan Gas,Susanto Perpipaan Gas,Purwokerto,8.00 - 17.00,100000,4.2,76
Fina Hartono,Tukang Kayu,Hartono Tukang Kayu,Kebumen,11.00 - 16.00,150000,4.6,5
Maya Setiawan,Perpipaan Gas,Setiawan Perpipaan Gas,Sleman,10.00 - 17.00,70000,2.8,33
Siti Kurniawan,Design dan Fotografi,Kurniawan Design dan Fotografi,Wonosobo,7.00 - 17.00,95000,4.8,5
Hendra Permatasari,Tukang Kayu,Permatasari Tukang Kayu,Kebumen,11.00 - 16.00,60000,4,95
Nina Wibowo,Instalasi Pipa,Wibowo Instalasi Pipa,Banyuwangi,7.00 - 17.00,80000,2.8,47
Ahmad Gunawan,Design dan Cetak,Gunawan Design dan Cetak,Kebumen,7.00 - 17.00,60000,3.2,95
Wati Susanto,Instalasi Pipa,Susanto Instalasi Pipa,Solo,8.00 - 17.00,150000,4.3,87
Rizki Saputri,Instalasi Pipa,Saputri Instalasi Pipa,Banyuwangi,11.00 - 16.00,130000,4.5,14
Linda Kusuma,Foto dan Videografi,Kusuma Foto dan Videografi,Bandung,8.00 - 17.00,120000,4.6,1
Hery Hartono,Tukang Bangunan dan Pengecetan,Hartono Tukang Bangunan dan Pengecetan,Semarang,11.00 - 16.00,140000,3.5,5
Ani Kusuma,Tukang Listrik Rumah Tangga,Kusuma Tukang Listrik Rumah Tangga,Tasikmalaya,8.00 - 17.00,70000,4.9,1
Ivan Purba,Design dan Fotografi,Purba Design dan Fotografi,Pekalongan,10.00 - 17.00,70000,4.2,33
Yanti Permatasari,Tukang Listrik Rumah Tangga,Permatasari Tukang Listrik Rumah Tangga,Purwokerto,10.00 - 17.00,130000,4.3,14
Reza Kusuma,Perpipaan Gas,Kusuma Perpipaan Gas,Wonosobo,10.00 - 17.00,130000,3.5,17
Hadi Hartono,Instalasi Pipa,Hartono Instalasi Pipa,Surabaya,11.00 - 16.00,140000,4.6,47
Dewi Permatasari,Instalasi Listrik,Permatasari Instalasi Listrik,Purwokerto,10.00 - 17.00,80000,2.8,14
Dewi Susanto,Instalasi Pipa,Susanto Instalasi Pipa,Wonosobo,11.00 - 16.00,90000,4.8,50
Wati Nugroho,Design dan Fotografi,Nugroho Design dan Fotografi,Cilacap,11.00 - 16.00,120000,3.2,50
Adi Purba,Tukang Listrik Rumah Tangga,Purba Tukang Listrik Rumah Tangga,Purwokerto,7.00 - 17.00,120000,2.8,46
Budi Nugroho,Tukang Listrik Rumah Tangga,Nugroho Tukang Listrik Rumah Tangga,Purwokerto,10.00 - 17.00,80000,4.2,2
Ahmad Susanto,Tukang Kayu,Susanto Tukang Kayu,Bandung,7.00 - 17.00,90000,3.5,47
Arief Hadi,Perpipaan Gas,Hadi Perpipaan Gas,Bandung,11.00 - 16.00,90000,3.5,76
Yanti Wibowo,Design dan Cetak,Wibowo Design dan Cetak,Malang,11.00 - 16.00,60000,4.1,2
Adi Saputri,Design dan Cetak,Saputri Design dan Cetak,Banyuwangi,11.00 - 16.00,60000,4.3,95
Dewa Lestari,Tukang Bangunan dan Pengecetan,Lestari Tukang Bangunan dan Pengecetan,Purwokerto,8.00 - 17.00,90000,4.9,95
Hendra Susanto,Tukang AC,Susanto Tukang AC,Bandung,10.00 - 17.00,140000,3.5,22
Sinta Gunawan,Tukang Kayu,Gunawan Tukang Kayu,Pekalongan,7.00 - 17.00,80000,4.9,17
Nina Hartono,Tukang AC,Hartono Tukang AC,Surabaya,7.00 - 17.00,130000,4.8,95
Lina Ningsih,Tukang Bangunan dan Pengecetan,Ningsih Tukang Bangunan dan Pengecetan,Pekalongan,11.00 - 16.00,95000,4.1,46
Fina Saputra,Tukang Kayu,Saputra Tukang Kayu,Bekasi,10.00 - 17.00,100000,3.2,80
Ivan Setiawan,Design dan Cetak,Setiawan Design dan Cetak,Wonosobo,10.00 - 17.00,95000,4.9,39
Hery Kusuma,Foto dan Videografi,Kusuma Foto dan Videografi,Bekasi,8.00 - 17.00,130000,4.3,2
Rini Wati,Instalasi Listrik,Wati Instalasi Listrik,Sleman,11.00 - 16.00,80000,4.1,14
Dian Purba,Perpipaan Gas,Purba Perpipaan Gas,Sleman,10.00 - 17.00,60000,4.6,5
Hery Hartono,Perpipaan Gas,Hartono Perpipaan Gas,Tasikmalaya,11.00 - 16.00,120000,4.7,5
Joko Permatasari,Instalasi Pipa,Permatasari Instalasi Pipa,Kebumen,10.00 - 17.00,80000,4.3,76
Ivan Permatasari,Perpipaan Gas,Permatasari Perpipaan Gas,Banyuwangi,8.00 - 17.00,60000,4.6,20
Nina Saputra,Perpipaan Gas,Saputra Perpipaan Gas,Semarang,8.00 - 17.00,95000,4.2,88
Ani Pratama,Instalasi Pipa,Pratama Instalasi Pipa,Purwokerto,10.00 - 17.00,130000,4.1,1
Fina Wijaya,Tukang Bangunan dan Pengecetan,Wijaya Tukang Bangunan dan Pengecetan,Purwokerto,10.00 - 17.00,140000,2.8,87
Fina Lestari,Tukang Kayu,Lestari Tukang Kayu,Sleman,10.00 - 17.00,130000,4.5,88
Fitri Pratama,Design dan Fotografi,Pratama Design dan Fotografi,Surabaya,8.00 - 17.00,90000,3.2,2
Joko Nugroho,Instalasi Listrik,Nugroho Instalasi Listrik,Cilacap,8.00 - 17.00,100000,4.7,76
Hery Wati,Tukang Listrik Rumah Tangga,Wati Tukang Listrik Rumah Tangga,Bandung,7.00 - 17.00,80000,4.9,20
Wati Saputra,Tukang Bangunan dan Pengecetan,Saputra Tukang Bangunan dan Pengecetan,Cilacap,10.00 - 17.00,95000,4.6,39
Hadi Lestari,Tukang Listrik Rumah Tangga,Lestari Tukang Listrik Rumah Tangga,Boyolali,11.00 - 16.00,120000,4.1,5
Arif Lestari,Tukang Bangunan dan Pengecetan,Lestari Tukang Bangunan dan Pengecetan,Surabaya,7.00 - 17.00,60000,4.3,80
Ahmad Hartono,Design dan Fotografi,Hartono Design dan Fotografi,Tasikmalaya,10.00 - 17.00,100000,4.6,2
Hadi Wibowo,Tukang AC,Wibowo Tukang AC,Bekasi,10.00 - 17.00,150000,3.2,100
Hadi Saputri,Tukang Kayu,Saputri Tukang Kayu,Bekasi,11.00 - 16.00,90000,4.7,95
Fitri Gunawan,Tukang Aluminium,Gunawan Tukang Aluminium,Semarang,10.00 - 17.00,100000,4.2,95
Sinta Hartono,Foto dan Videografi,Hartono Foto dan Videografi,Surabaya,7.00 - 17.00,130000,4.6,88
Ani Lestari,Foto dan Videografi,Lestari Foto dan Videografi,Kebumen,10.00 - 17.00,140000,2.8,39
Arief Wati,Design dan Fotografi,Wati Design dan Fotografi,Bekasi,8.00 - 17.00,150000,4,100
Fina Susanto,Perpipaan Gas,Susanto Perpipaan Gas,Tasikmalaya,10.00 - 17.00,120000,4.3,39
Adi Wati,Design dan Fotografi,Wati Design dan Fotografi,Cilacap,11.00 - 16.00,130000,4.6,33
Rizki Setiawan,Tukang Listrik Rumah Tangga,Setiawan Tukang Listrik Rumah Tangga,Kebumen,8.00 - 17.00,60000,4.1,33
Joko Nugroho,Tukang AC,Nugroho Tukang AC,Tasikmalaya,7.00 - 17.00,95000,4.9,1
Arif Setiawan,Tukang Listrik Rumah Tangga,Setiawan Tukang Listrik Rumah Tangga,Cilacap,7.00 - 17.00,130000,4.8,33
Andi Utami,Tukang Bangunan dan Pengecetan,Utami Tukang Bangunan dan Pengecetan,Tasikmalaya,10.00 - 17.00,70000,3.5,87
Rizki Wati,Tukang Bangunan dan Pengecetan,Wati Tukang Bangunan dan Pengecetan,Bekasi,7.00 - 17.00,150000,4.3,50
Ahmad Setiawan,Tukang Aluminium,Setiawan Tukang Aluminium,Kebumen,7.00 - 17.00,70000,3.5,2
Adi Kurniawan,Design dan Cetak,Kurniawan Design dan Cetak,Purwokerto,8.00 - 17.00,140000,4.8,80
Surya Permatasari,Design Logo,Permatasari Design Logo,Tasikmalaya,10.00 - 17.00,140000,4,50
Ratna Setiawan,Design Logo,Setiawan Design Logo,Malang,11.00 - 16.00,90000,4.6,100
Toni Setiawan,Tukang Kayu,Setiawan Tukang Kayu,Wonosobo,11.00 - 16.00,70000,4.7,22
Ivan Susanto,Tukang Kayu,Susanto Tukang Kayu,Sleman,10.00 - 17.00,100000,4.7,2
Arief Gunawan,Tukang Kayu,Gunawan Tukang Kayu,Boyolali,10.00 - 17.00,130000,4,100
Surya Sari,Tukang Kayu,Sari Tukang Kayu,Kebumen,8.00 - 17.00,95000,3.5,1
Rizki Wibowo,Design dan Fotografi,Wibowo Design dan Fotografi,Wonosobo,7.00 - 17.00,80000,3.5,1
Linda Purba,Tukang Bangunan dan Pengecetan,Purba Tukang Bangunan dan Pengecetan,Sleman,8.00 - 17.00,100000,4.6,47
Ratna Wati,Design dan Cetak,Wati Design dan Cetak,Surabaya,8.00 - 17.00,95000,4.6,46
Sinta Wibowo,Design dan Fotografi,Wibowo Design dan Fotografi,Wonosobo,8.00 - 17.00,130000,4,95
Dewi Kurniawan,Perpipaan Gas,Kurniawan Perpipaan Gas,Solo,8.00 - 17.00,140000,2.8,99
Ani Sari,Tukang Kayu,Sari Tukang Kayu,Banyuwangi,11.00 - 16.00,100000,4.3,99
Ahmad Kusuma,Tukang Listrik Rumah Tangga,Kusuma Tukang Listrik Rumah Tangga,Purwokerto,7.00 - 17.00,70000,4.9,39
Sari Permatasari,Design dan Cetak,Permatasari Design dan Cetak,Tasikmalaya,10.00 - 17.00,80000,4,100
Reza Wibowo,Perpipaan Gas,Wibowo Perpipaan Gas,Bandung,8.00 - 17.00,95000,4.5,14
Surya Permatasari,Tukang Aluminium,Permatasari Tukang Aluminium,Pekalongan,8.00 - 17.00,140000,3.2,87
Rahayu Sari,Perpipaan Gas,Sari Perpipaan Gas,Boyolali,7.00 - 17.00,80000,4.3,46
Nina Purba,Perpipaan Gas,Purba Perpipaan Gas,Surabaya,7.00 - 17.00,90000,4.9,22
Hadi Kusuma,Perpipaan Gas,Kusuma Perpipaan Gas,Cilacap,8.00 - 17.00,100000,2.8,14
Joko Gunawan,Instalasi Pipa,Gunawan Instalasi Pipa,Bandung,10.00 - 17.00,140000,4.9,39
Andi Saputra,Design dan Fotografi,Saputra Design dan Fotografi,Banyuwangi,7.00 - 17.00,130000,4,50
Arif Saputra,Foto dan Videografi,Saputra Foto dan Videografi,Cilacap,10.00 - 17.00,60000,3.5,20
Wati Lestari,Instalasi Pipa,Lestari Instalasi Pipa,Bekasi,8.00 - 17.00,70000,4.5,50
Dwi Hadi,Foto dan Videografi,Hadi Foto dan Videografi,Malang,10.00 - 17.00,120000,4.9,14
Siti Hadi,Tukang Aluminium,Hadi Tukang Aluminium,Banyuwangi,7.00 - 17.00,130000,4.2,50
Nina Wibowo,Design dan Cetak,Wibowo Design dan Cetak,Surabaya,11.00 - 16.00,70000,4.8,100
Dian Kurniawan,Tukang AC,Kurniawan Tukang AC,Semarang,10.00 - 17.00,95000,3.5,76
Rizki Setiawan,Tukang Listrik Rumah Tangga,Setiawan Tukang Listrik Rumah Tangga,Boyolali,10.00 - 17.00,80000,4.1,95
Andi Permatasari,Foto dan Videografi,Permatasari Foto dan Videografi,Cilacap,10.00 - 17.00,80000,4.3,99
Hendra Ningsih,Tukang AC,Ningsih Tukang AC,Sleman,11.00 - 16.00,70000,4.7,76
Dewa Pratama,Design Logo,Pratama Design Logo,Kebumen,7.00 - 17.00,80000,4.2,95
Toni Kurniawan,Perpipaan Gas,Kurniawan Perpipaan Gas,Tasikmalaya,8.00 - 17.00,130000,4.6,22
Arif Sari,Design Logo,Sari Design Logo,Solo,8.00 - 17.00,100000,4.6,46
Hadi Sari,Instalasi Listrik,Sari Instalasi Listrik,Sleman,11.00 - 16.00,130000,2.8,99
Rahayu Gunawan,Design dan Cetak,Gunawan Design dan Cetak,Sleman,10.00 - 17.00,95000,4,20
Ivan Utami,Perpipaan Gas,Utami Perpipaan Gas,Solo,11.00 - 16.00,150000,4.8,17
Dewa Setiawan,Design dan Fotografi,Setiawan Design dan Fotografi,Sleman,8.00 - 17.00,60000,4.8,87
Maya Kusuma,Instalasi Listrik,Kusuma Instalasi Listrik,Malang,7.00 - 17.00,150000,2.8,17
Sinta Sari,Perpipaan Gas,Sari Perpipaan Gas,Semarang,7.00 - 17.00,90000,4.3,99
Hery Lestari,Instalasi Listrik,Lestari Instalasi Listrik,Wonosobo,7.00 - 17.00,150000,4.1,46
Citra Gunawan,Instalasi Listrik,Gunawan Instalasi Listrik,Cilacap,7.00 - 17.00,120000,4.1,1
Dian Gunawan,Tukang Aluminium,Gunawan Tukang Aluminium,Banyuwangi,10.00 - 17.00,150000,4.8,76
Rini Wibowo,Instalasi Listrik,Wibowo Instalasi Listrik,Pekalongan,7.00 - 17.00,70000,4.9,22
Sinta Purba,Tukang Listrik Rumah Tangga,Purba Tukang Listrik Rumah Tangga,Tasikmalaya,11.00 - 16.00,80000,4.5,39
Rizki Kusuma,Tukang AC,Kusuma Tukang AC,Malang,11.00 - 16.00,150000,4.9,99
Ivan Kurniawan,Instalasi Pipa,Kurniawan Instalasi Pipa,Surabaya,10.00 - 17.00,120000,4,5
Ani Sari,Tukang Kayu,Sari Tukang Kayu,Kebumen,8.00 - 17.00,140000,4.8,95
Dewa Permatasari,Design dan Fotografi,Permatasari Design dan Fotografi,Pekalongan,8.00 - 17.00,80000,3.5,22
Yanti Ningsih,Instalasi Pipa,Ningsih Instalasi Pipa,Kebumen,7.00 - 17.00,60000,3.2,2
Ratna Ningsih,Design Logo,Ningsih Design Logo,Pekalongan,8.00 - 17.00,100000,4.3,80
Ivan Setiawan,Tukang Kayu,Setiawan Tukang Kayu,Malang,10.00 - 17.00,95000,3.2,76
Rina Setiawan,Design Logo,Setiawan Design Logo,Semarang,7.00 - 17.00,130000,3.5,87
Ahmad Hadi,Design dan Cetak,Hadi Design dan Cetak,Semarang,10.00 - 17.00,60000,4.9,20
Sinta Wati,Tukang Aluminium,Wati Tukang Aluminium,Solo,8.00 - 17.00,140000,3.5,100
Agus Setiawan,Tukang Kayu,Setiawan Tukang Kayu,Malang,10.00 - 17.00,150000,4.3,2
Budi Lestari,Tukang Aluminium,Lestari Tukang Aluminium,Bandung,7.00 - 17.00,100000,4.2,17
Arif Wati,Tukang Listrik Rumah Tangga,Wati Tukang Listrik Rumah Tangga,Purwokerto,11.00 - 16.00,130000,3.2,88
Hendra Pratama,Design Logo,Pratama Design Logo,Surabaya,11.00 - 16.00,120000,3.5,99
Rahayu Wibowo,Tukang Listrik Rumah Tangga,Wibowo Tukang Listrik Rumah Tangga,Semarang,8.00 - 17.00,90000,2.8,2
Ivan Saputra,Tukang Kayu,Saputra Tukang Kayu,Malang,11.00 - 16.00,120000,4.3,17
Siti Saputra,Design Logo,Saputra Design Logo,Pekalongan,7.00 - 17.00,60000,4.9,80
Eko Susanto,Foto dan Videografi,Susanto Foto dan Videografi,Tasikmalaya,7.00 - 17.00,130000,3.2,76
Budi Wati,Tukang Kayu,Wati Tukang Kayu,Bandung,8.00 - 17.00,70000,3.5,2
Wati Hartono,Design Logo,Hartono Design Logo,Cilacap,10.00 - 17.00,60000,4.6,20
Fina Utami,Tukang Aluminium,Utami Tukang Aluminium,Semarang,11.00 - 16.00,60000,4.2,20
Toni Lestari,Tukang Kayu,Lestari Tukang Kayu,Banyuwangi,8.00 - 17.00,150000,4.3,14
Joko Ningsih,Design dan Cetak,Ningsih Design dan Cetak,Surabaya,8.00 - 17.00,95000,4,46
Hendra Setiawan,Instalasi Pipa,Setiawan Instalasi Pipa,Malang,7.00 - 17.00,150000,3.5,47
Dwi Wibowo,Design Logo,Wibowo Design Logo,Malang,7.00 - 17.00,130000,4.9,47
Siti Kusuma,Tukang Aluminium,Kusuma Tukang Aluminium,Pekalongan,10.00 - 17.00,150000,4.3,5
Rini Saputra,Design dan Cetak,Saputra Design dan Cetak,Tasikmalaya,7.00 - 17.00,70000,4.6,14
Adi Saputra,Tukang Listrik Rumah Tangga,Saputra Tukang Listrik Rumah Tangga,Pekalongan,11.00 - 16.00,120000,4.9,99
Rahayu Sari,Tukang Aluminium,Sari Tukang Aluminium,Bandung,8.00 - 17.00,150000,4.5,2
Nina Hartono,Tukang Bangunan dan Pengecetan,Hartono Tukang Bangunan dan Pengecetan,Malang,7.00 - 17.00,80000,4.6,47
Hendra Kusuma,Tukang Kayu,Kusuma Tukang Kayu,Semarang,10.00 - 17.00,100000,4.9,95
Surya Saputri,Design dan Fotografi,Saputri Design dan Fotografi,Banyuwangi,8.00 - 17.00,95000,4.9,20
Rahayu Wibowo,Design dan Cetak,Wibowo Design dan Cetak,Kebumen,10.00 - 17.00,90000,4.7,88
Nina Wibowo,Tukang Aluminium,Wibowo Tukang Aluminium,Bekasi,10.00 - 17.00,95000,3.5,5
Sinta Susanto,Tukang Listrik Rumah Tangga,Susanto Tukang Listrik Rumah Tangga,Wonosobo,7.00 - 17.00,90000,4.2,2
Wati Kusuma,Tukang Aluminium,Kusuma Tukang Aluminium,Bekasi,7.00 - 17.00,60000,4.1,95
Sinta Ningsih,Tukang Kayu,Ningsih Tukang Kayu,Wonosobo,8.00 - 17.00,90000,2.8,100
Dian Setiawan,Design Logo,Setiawan Design Logo,Bekasi,10.00 - 17.00,100000,3.2,50
Arif Hadi,Tukang Listrik Rumah Tangga,Hadi Tukang Listrik Rumah Tangga,Kebumen,7.00 - 17.00,90000,2.8,50
Andi Hartono,Foto dan Videografi,Hartono Foto dan Videografi,Malang,11.00 - 16.00,80000,4.1,80
Reza Sari,Foto dan Videografi,Sari Foto dan Videografi,Cilacap,11.00 - 16.00,120000,2.8,2
Hadi Nugroho,Tukang AC,Nugroho Tukang AC,Wonosobo,8.00 - 17.00,90000,4,76
Dwi Sari,Tukang Aluminium,Sari Tukang Aluminium,Bekasi,10.00 - 17.00,70000,4.6,17
Dwi Kusuma,Design dan Cetak,Kusuma Design dan Cetak,Malang,7.00 - 17.00,130000,4.6,76
Dian Nugroho,Tukang Aluminium,Nugroho Tukang Aluminium,Tasikmalaya,7.00 - 17.00,95000,3.2,14
Arif Wibowo,Perpipaan Gas,Wibowo Perpipaan Gas,Cilacap,10.00 - 17.00,60000,2.8,39
Ani Kusuma,Tukang Bangunan dan Pengecetan,Kusuma Tukang Bangunan dan Pengecetan,Tasikmalaya,8.00 - 17.00,130000,4.9,99
Lina Setiawan,Perpipaan Gas,Setiawan Perpipaan Gas,Purwokerto,8.00 - 17.00,60000,3.5,47
Dian Hartono,Instalasi Listrik,Hartono Instalasi Listrik,Wonosobo,11.00 - 16.00,60000,2.8,14
Putri Wijaya,Instalasi Listrik,Wijaya Instalasi Listrik,Banyuwangi,8.00 - 17.00,100000,4.8,46
Nina Kurniawan,Tukang Kayu,Kurniawan Tukang Kayu,Cilacap,7.00 - 17.00,120000,4.2,99
Ivan Saputri,Tukang Kayu,Saputri Tukang Kayu,Solo,11.00 - 16.00,60000,2.8,39
Dewa Utami,Tukang Listrik Rumah Tangga,Utami Tukang Listrik Rumah Tangga,Malang,7.00 - 17.00,120000,4.2,1
Dwi Wijaya,Instalasi Listrik,Wijaya Instalasi Listrik,Surabaya,10.00 - 17.00,120000,3.5,95
Dwi Hadi,Tukang Bangunan dan Pengecetan,Hadi Tukang Bangunan dan Pengecetan,Wonosobo,11.00 - 16.00,140000,4.7,39
Rina Gunawan,Foto dan Videografi,Gunawan Foto dan Videografi,Kebumen,8.00 - 17.00,80000,4.7,1
Hadi Setiawan,Tukang Listrik Rumah Tangga,Setiawan Tukang Listrik Rumah Tangga,Purwokerto,10.00 - 17.00,95000,4.8,95
Joko Hartono,Instalasi Listrik,Hartono Instalasi Listrik,Kebumen,7.00 - 17.00,150000,3.2,76
Agus Kusuma,Tukang Listrik Rumah Tangga,Kusuma Tukang Listrik Rumah Tangga,Bekasi,11.00 - 16.00,130000,3.5,99
Joko Sari,Foto dan Videografi,Sari Foto dan Videografi,Tasikmalaya,11.00 - 16.00,150000,3.5,20
Eko Kusuma,Tukang AC,Kusuma Tukang AC,Wonosobo,8.00 - 17.00,90000,3.2,50
Rina Susanto,Design dan Cetak,Susanto Design dan Cetak,Pekalongan,8.00 - 17.00,120000,4.5,46
Dewi Permatasari,Tukang Kayu,Permatasari Tukang Kayu,Wonosobo,8.00 - 17.00,130000,4.3,5
Rini Wibowo,Tukang Bangunan dan Pengecetan,Wibowo Tukang Bangunan dan Pengecetan,Tasikmalaya,7.00 - 17.00,80000,3.2,80
Rizki Setiawan,Tukang AC,Setiawan Tukang AC,Bandung,11.00 - 16.00,140000,2.8,5
Adi Purba,Tukang AC,Purba Tukang AC,Boyolali,7.00 - 17.00,90000,3.5,39
Budi Hartono,Tukang Kayu,Hartono Tukang Kayu,Boyolali,8.00 - 17.00,80000,4.7,33
Arief Nugroho,Instalasi Listrik,Nugroho Instalasi Listrik,Kebumen,7.00 - 17.00,90000,3.5,99
Budi Sari,Design dan Cetak,Sari Design dan Cetak,Surabaya,11.00 - 16.00,100000,4.1,88
Hery Kurniawan,Instalasi Pipa,Kurniawan Instalasi Pipa,Cilacap,11.00 - 16.00,130000,4.9,47
Andi Kusuma,Design dan Fotografi,Kusuma Design dan Fotografi,Banyuwangi,7.00 - 17.00,90000,3.5,46
Dwi Susanto,Perpipaan Gas,Susanto Perpipaan Gas,Semarang,8.00 - 17.00,90000,4.9,50
Ratna Purba,Tukang AC,Purba Tukang AC,Banyuwangi,8.00 - 17.00,90000,4.3,22
Rudi Hartono,Instalasi Pipa,Hartono Instalasi Pipa,Semarang,11.00 - 16.00,100000,4.9,47
Lina Kusuma,Tukang Kayu,Kusuma Tukang Kayu,Semarang,10.00 - 17.00,150000,4,47
Lina Nugroho,Tukang Aluminium,Nugroho Tukang Aluminium,Kebumen,7.00 - 17.00,140000,4.2,2
Dian Gunawan,Design Logo,Gunawan Design Logo,Boyolali,8.00 - 17.00,80000,3.5,46
Adi Utami,Design dan Fotografi,Utami Design dan Fotografi,Malang,8.00 - 17.00,150000,4.5,99
Budi Saputri,Tukang Kayu,Saputri Tukang Kayu,Cilacap,11.00 - 16.00,70000,4.2,50
Citra Pratama,Design Logo,Pratama Design Logo,Malang,7.00 - 17.00,150000,4.2,95
Siti Wibowo,Tukang Listrik Rumah Tangga,Wibowo Tukang Listrik Rumah Tangga,Boyolali,10.00 - 17.00,140000,4.2,20
Ani Purba,Tukang Kayu,Purba Tukang Kayu,Semarang,11.00 - 16.00,150000,4.9,88
Rahayu Ningsih,Design dan Fotografi,Ningsih Design dan Fotografi,Bekasi,11.00 - 16.00,90000,4.3,95
Adi Wijaya,Perpipaan Gas,Wijaya Perpipaan Gas,Tasikmalaya,11.00 - 16.00,130000,4.5,100
Surya Wibowo,Design dan Fotografi,Wibowo Design dan Fotografi,Bekasi,7.00 - 17.00,60000,4.8,80
Reza Wati,Design Logo,Wati Design Logo,Wonosobo,11.00 - 16.00,60000,4.2,46
Hadi Ningsih,Perpipaan Gas,Ningsih Perpipaan Gas,Sleman,10.00 - 17.00,120000,4.7,99
Citra Gunawan,Design Logo,Gunawan Design Logo,Malang,7.00 - 17.00,70000,4.9,99
Sari Gunawan,Perpipaan Gas,Gunawan Perpipaan Gas,Wonosobo,10.00 - 17.00,120000,4.6,99
Eko Saputri,Tukang Bangunan dan Pengecetan,Saputri Tukang Bangunan dan Pengecetan,Malang,7.00 - 17.00,130000,4.9,46
Arif Kurniawan,Tukang Listrik Rumah Tangga,Kurniawan Tukang Listrik Rumah Tangga,Bekasi,11.00 - 16.00,95000,4.6,95
Dwi Kusuma,Instalasi Pipa,Kusuma Instalasi Pipa,Surabaya,8.00 - 17.00,95000,4.2,39
Lina Wati,Instalasi Pipa,Wati Instalasi Pipa,Wonosobo,7.00 - 17.00,80000,4.6,47
Dian Wijaya,Tukang AC,Wijaya Tukang AC,Tasikmalaya,10.00 - 17.00,130000,4.7,50
Lina Sari,Tukang Kayu,Sari Tukang Kayu,Wonosobo,10.00 - 17.00,150000,4.6,33
Nina Pratama,Perpipaan Gas,Pratama Perpipaan Gas,Banyuwangi,10.00 - 17.00,150000,4,50
Adi Ningsih,Foto dan Videografi,Ningsih Foto dan Videografi,Semarang,11.00 - 16.00,130000,4.6,100
Putri Sari,Tukang Aluminium,Sari Tukang Aluminium,Pekalongan,11.00 - 16.00,60000,4.3,33
Adi Gunawan,Design dan Fotografi,Gunawan Design dan Fotografi,Malang,8.00 - 17.00,90000,4.2,50
Hadi Sari,Tukang AC,Sari Tukang AC,Wonosobo,10.00 - 17.00,80000,4.6,1
Eko Purba,Tukang Kayu,Purba Tukang Kayu,Kebumen,7.00 - 17.00,95000,4.6,47
Surya Utami,Design Logo,Utami Design Logo,Bandung,8.00 - 17.00,130000,3.2,14
Putri Wijaya,Instalasi Listrik,Wijaya Instalasi Listrik,Banyuwangi,11.00 - 16.00,120000,3.5,46
Putri Ningsih,Tukang Kayu,Ningsih Tukang Kayu,Kebumen,8.00 - 17.00,140000,3.5,39
Rahayu Susanto,Tukang Listrik Rumah Tangga,Susanto Tukang Listrik Rumah Tangga,Purwokerto,8.00 - 17.00,70000,4,95
Hendra Saputri,Tukang Listrik Rumah Tangga,Saputri Tukang Listrik Rumah Tangga,Semarang,8.00 - 17.00,130000,4.1,20
Lina Wati,Perpipaan Gas,Wati Perpipaan Gas,Kebumen,8.00 - 17.00,100000,3.2,2
Budi Saputri,Tukang Aluminium,Saputri Tukang Aluminium,Banyuwangi,10.00 - 17.00,90000,3.5,2
Ani Wibowo,Foto dan Videografi,Wibowo Foto dan Videografi,Wonosobo,8.00 - 17.00,150000,4.1,88
Surya Utami,Instalasi Listrik,Utami Instalasi Listrik,Tasikmalaya,11.00 - 16.00,130000,4.2,20
Wati Kurniawan,Instalasi Listrik,Kurniawan Instalasi Listrik,Wonosobo,7.00 - 17.00,90000,4.9,5
Hadi Pratama,Design dan Fotografi,Pratama Design dan Fotografi,Banyuwangi,8.00 - 17.00,60000,3.5,2
Rina Kurniawan,Tukang Aluminium,Kurniawan Tukang Aluminium,Bekasi,7.00 - 17.00,60000,4.9,1
Reza Nugroho,Tukang AC,Nugroho Tukang AC,Malang,11.00 - 16.00,120000,4.8,76
Agus Susanto,Tukang Listrik Rumah Tangga,Susanto Tukang Listrik Rumah Tangga,Bandung,8.00 - 17.00,130000,4.5,5
Joko Gunawan,Instalasi Pipa,Gunawan Instalasi Pipa,Bandung,10.00 - 17.00,100000,4.8,5
Rahayu Lestari,Instalasi Pipa,Lestari Instalasi Pipa,Tasikmalaya,7.00 - 17.00,120000,4.6,47
Rizki Susanto,Design Logo,Susanto Design Logo,Malang,10.00 - 17.00,150000,4.8,20
Reza Gunawan,Tukang Listrik Rumah Tangga,Gunawan Tukang Listrik Rumah Tangga,Boyolali,7.00 - 17.00,60000,4.5,99
Rahayu Susanto,Perpipaan Gas,Susanto Perpipaan Gas,Wonosobo,11.00 - 16.00,60000,3.2,17
Ani Purba,Tukang Bangunan dan Pengecetan,Purba Tukang Bangunan dan Pengecetan,Semarang,11.00 - 16.00,150000,4.8,22
Dewi Susanto,Perpipaan Gas,Susanto Perpipaan Gas,Surabaya,7.00 - 17.00,80000,4.2,99
Hadi Pratama,Tukang Kayu,Pratama Tukang Kayu,Bekasi,7.00 - 17.00,100000,4.8,5
Eko Hadi,Tukang Aluminium,Hadi Tukang Aluminium,Bekasi,10.00 - 17.00,60000,4.6,14
Linda Hadi,Tukang Aluminium,Hadi Tukang Aluminium,Pekalongan,7.00 - 17.00,70000,4.1,20
Agus Utami,Instalasi Pipa,Utami Instalasi Pipa,Malang,11.00 - 16.00,95000,2.8,20
Fina Susanto,Tukang AC,Susanto Tukang AC,Malang,10.00 - 17.00,90000,4.9,17
Rudi Wati,Tukang Bangunan dan Pengecetan,Wati Tukang Bangunan dan Pengecetan,Surabaya,10.00 - 17.00,150000,4.1,2
Maya Ningsih,Tukang AC,Ningsih Tukang AC,Kebumen,11.00 - 16.00,130000,2.8,39
Surya Nugroho,Foto dan Videografi,Nugroho Foto dan Videografi,Banyuwangi,10.00 - 17.00,95000,4,20
Fina Saputri,Tukang Kayu,Saputri Tukang Kayu,Bekasi,10.00 - 17.00,140000,4.9,50
Linda Permatasari,Tukang Kayu,Permatasari Tukang Kayu,Sleman,10.00 - 17.00,60000,4.5,17
Linda Sari,Tukang Aluminium,Sari Tukang Aluminium,Sleman,11.00 - 16.00,140000,3.2,2
Hendra Ningsih,Perpipaan Gas,Ningsih Perpipaan Gas,Semarang,7.00 - 17.00,95000,4.3,14
Rudi Sari,Perpipaan Gas,Sari Perpipaan Gas,Banyuwangi,8.00 - 17.00,100000,4.1,87
Siti Susanto,Design dan Cetak,Susanto Design dan Cetak,Bandung,11.00 - 16.00,95000,4.1,95
Hery Utami,Foto dan Videografi,Utami Foto dan Videografi,Semarang,11.00 - 16.00,120000,4,17
Rini Saputra,Instalasi Pipa,Saputra Instalasi Pipa,Cilacap,10.00 - 17.00,70000,3.2,50
Rini Kusuma,Instalasi Listrik,Kusuma Instalasi Listrik,Solo,10.00 - 17.00,95000,4.2,88
Wati Wibowo,Tukang Kayu,Wibowo Tukang Kayu,Surabaya,10.00 - 17.00,90000,4.6,46
Ivan Permatasari,Design Logo,Permatasari Design Logo,Bekasi,10.00 - 17.00,140000,3.5,76
Yanti Wati,Design dan Cetak,Wati Design dan Cetak,Pekalongan,7.00 - 17.00,80000,4.1,99
Maya Kusuma,Instalasi Pipa,Kusuma Instalasi Pipa,Solo,10.00 - 17.00,95000,3.2,100
Dian Kusuma,Tukang Kayu,Kusuma Tukang Kayu,Banyuwangi,7.00 - 17.00,100000,4.2,76
Rudi Nugroho,Design Logo,Nugroho Design Logo,Semarang,10.00 - 17.00,90000,3.5,5
Dian Hartono,Tukang Aluminium,Hartono Tukang Aluminium,Semarang,11.00 - 16.00,70000,4.5,14
Lina Utami,Tukang Aluminium,Utami Tukang Aluminium,Bekasi,11.00 - 16.00,60000,3.2,2
Ivan Hartono,Design dan Cetak,Hartono Design dan Cetak,Bekasi,11.00 - 16.00,95000,4.7,2
Dian Kurniawan,Instalasi Listrik,Kurniawan Instalasi Listrik,Pekalongan,7.00 - 17.00,80000,3.5,14
Dwi Lestari,Tukang AC,Lestari Tukang AC,Boyolali,10.00 - 17.00,120000,4.5,76
Sari Permatasari,Instalasi Listrik,Permatasari Instalasi Listrik,Surabaya,10.00 - 17.00,80000,3.5,50
Dwi Setiawan,Tukang Aluminium,Setiawan Tukang Aluminium,Bekasi,7.00 - 17.00,150000,4.5,46
Ivan Pratama,Tukang Kayu,Pratama Tukang Kayu,Solo,10.00 - 17.00,70000,4.3,33
Arief Pratama,Instalasi Listrik,Pratama Instalasi Listrik,Semarang,11.00 - 16.00,150000,4.6,88
Fitri Lestari,Instalasi Pipa,Lestari Instalasi Pipa,Malang,8.00 - 17.00,120000,3.5,20
Surya Wijaya,Design dan Cetak,Wijaya Design dan Cetak,Kebumen,8.00 - 17.00,90000,4.7,87
Budi Saputri,Foto dan Videografi,Saputri Foto dan Videografi,Malang,10.00 - 17.00,120000,2.8,46
Siti Setiawan,Tukang Kayu,Setiawan Tukang Kayu,Pekalongan,8.00 - 17.00,140000,4.7,100
Hery Susanto,Tukang Kayu,Susanto Tukang Kayu,Tasikmalaya,7.00 - 17.00,95000,4.2,88
Hery Kurniawan,Instalasi Listrik,Kurniawan Instalasi Listrik,Purwokerto,10.00 - 17.00,90000,4.1,14
Ivan Saputra,Foto dan Videografi,Saputra Foto dan Videografi,Sleman,7.00 - 17.00,80000,4.2,39
Maya Ningsih,Tukang Listrik Rumah Tangga,Ningsih Tukang Listrik Rumah Tangga,Kebumen,11.00 - 16.00,90000,4.8,88
Fina Wibowo,Tukang Listrik Rumah Tangga,Wibowo Tukang Listrik Rumah Tangga,Purwokerto,11.00 - 16.00,120000,4.5,76
Joko Kurniawan,Foto dan Videografi,Kurniawan Foto dan Videografi,Semarang,8.00 - 17.00,100000,4.3,33
Hadi Wijaya,Tukang Bangunan dan Pengecetan,Wijaya Tukang Bangunan dan Pengecetan,Bekasi,7.00 - 17.00,70000,4,80
Surya Purba,Tukang Listrik Rumah Tangga,Purba Tukang Listrik Rumah Tangga,Malang,7.00 - 17.00,130000,4.9,14
Nina Wibowo,Foto dan Videografi,Wibowo Foto dan Videografi,Malang,7.00 - 17.00,100000,4,39
Sinta Setiawan,Design Logo,Setiawan Design Logo,Surabaya,7.00 - 17.00,95000,4.3,2
Linda Pratama,Tukang Listrik Rumah Tangga,Pratama Tukang Listrik Rumah Tangga,Tasikmalaya,11.00 - 16.00,140000,4.1,5
Rini Purba,Design dan Fotografi,Purba Design dan Fotografi,Purwokerto,11.00 - 16.00,80000,4.5,47
Sari Kurniawan,Tukang Listrik Rumah Tangga,Kurniawan Tukang Listrik Rumah Tangga,Surabaya,11.00 - 16.00,140000,4.5,33
Rini Purba,Design dan Fotografi,Purba Design dan Fotografi,Purwokerto,11.00 - 16.00,70000,4.2,22
Rina Hartono,Foto dan Videografi,Hartono Foto dan Videografi,Malang,10.00 - 17.00,80000,3.2,99
Dewa Hadi,Instalasi Pipa,Hadi Instalasi Pipa,Cilacap,11.00 - 16.00,100000,4.7,5
Dwi Wati,Design dan Fotografi,Wati Design dan Fotografi,Wonosobo,10.00 - 17.00,150000,4.3,17
Siti Purba,Tukang AC,Purba Tukang AC,Malang,8.00 - 17.00,140000,4.3,17
Rudi Saputri,Tukang Listrik Rumah Tangga,Saputri Tukang Listrik Rumah Tangga,Sleman,8.00 - 17.00,140000,3.2,80
Adi Wibowo,Tukang Bangunan dan Pengecetan,Wibowo Tukang Bangunan dan Pengecetan,Bekasi,10.00 - 17.00,95000,4.2,87
Wati Kurniawan,Instalasi Listrik,Kurniawan Instalasi Listrik,Bandung,10.00 - 17.00,60000,4.7,95
Arif Wati,Design dan Fotografi,Wati Design dan Fotografi,Wonosobo,11.00 - 16.00,100000,2.8,87
Toni Hadi,Instalasi Listrik,Hadi Instalasi Listrik,Surabaya,10.00 - 17.00,60000,4.5,100
Adi Pratama,Tukang AC,Pratama Tukang AC,Malang,10.00 - 17.00,100000,3.2,87
Wati Susanto,Design dan Cetak,Susanto Design dan Cetak,Solo,8.00 - 17.00,140000,2.8,2
Maya Saputri,Tukang Aluminium,Saputri Tukang Aluminium,Solo,8.00 - 17.00,130000,4.3,17
Rizki Susanto,Instalasi Pipa,Susanto Instalasi Pipa,Sleman,11.00 - 16.00,130000,4.3,2
Hadi Hadi,Instalasi Pipa,Hadi Instalasi Pipa,Malang,8.00 - 17.00,130000,4.6,33
Rahayu Lestari,Design dan Fotografi,Lestari Design dan Fotografi,Banyuwangi,11.00 - 16.00,150000,4.7,20
Hendra Hartono,Design Logo,Hartono Design Logo,Sleman,8.00 - 17.00,80000,3.5,5
Reza Saputri,Perpipaan Gas,Saputri Perpipaan Gas,Tasikmalaya,10.00 - 17.00,140000,3.2,39
Budi Sari,Tukang Aluminium,Sari Tukang Aluminium,Pekalongan,10.00 - 17.00,150000,4.7,1
Citra Saputri,Design Logo,Saputri Design Logo,Banyuwangi,11.00 - 16.00,70000,3.2,80
Putri Wibowo,Perpipaan Gas,Wibowo Perpipaan Gas,Surabaya,11.00 - 16.00,70000,3.5,95
Siti Nugroho,Instalasi Pipa,Nugroho Instalasi Pipa,Boyolali,7.00 - 17.00,70000,4,46
Ratna Gunawan,Design dan Fotografi,Gunawan Design dan Fotografi,Wonosobo,10.00 - 17.00,140000,4.5,2
Rudi Nugroho,Design dan Cetak,Nugroho Design dan Cetak,Bandung,10.00 - 17.00,150000,4.8,76
Reza Pratama,Tukang AC,Pratama Tukang AC,Purwokerto,7.00 - 17.00,90000,3.2,99
Eko Wibowo,Tukang Listrik Rumah Tangga,Wibowo Tukang Listrik Rumah Tangga,Purwokerto,10.00 - 17.00,140000,4.5,80
Dwi Nugroho,Tukang Kayu,Nugroho Tukang Kayu,Cilacap,10.00 - 17.00,120000,3.2,80
Sari Kurniawan,Tukang Bangunan dan Pengecetan,Kurniawan Tukang Bangunan dan Pengecetan,Pekalongan,8.00 - 17.00,60000,4.3,33
Hery Wibowo,Perpipaan Gas,Wibowo Perpipaan Gas,Banyuwangi,7.00 - 17.00,70000,4.5,76
Citra Wati,Design dan Fotografi,Wati Design dan Fotografi,Wonosobo,11.00 - 16.00,70000,4.7,2
Adi Susanto,Design dan Cetak,Susanto Design dan Cetak,Semarang,11.00 - 16.00,100000,4.9,80
Lina Susanto,Tukang Bangunan dan Pengecetan,Susanto Tukang Bangunan dan Pengecetan,Boyolali,11.00 - 16.00,80000,4,88
Surya Hadi,Tukang Kayu,Hadi Tukang Kayu,Malang,10.00 - 17.00,70000,3.5,80
Dwi Wijaya,Instalasi Pipa,Wijaya Instalasi Pipa,Sleman,8.00 - 17.00,120000,3.2,99
Rina Hadi,Design dan Cetak,Hadi Design dan Cetak,Pekalongan,11.00 - 16.00,95000,4.2,88
Sari Pratama,Tukang Kayu,Pratama Tukang Kayu,Boyolali,11.00 - 16.00,150000,3.5,76
Surya Permatasari,Design dan Fotografi,Permatasari Design dan Fotografi,Pekalongan,11.00 - 16.00,70000,4.8,95
Citra Lestari,Instalasi Pipa,Lestari Instalasi Pipa,Solo,8.00 - 17.00,150000,4.9,95
Putri Susanto,Tukang Aluminium,Susanto Tukang Aluminium,Kebumen,8.00 - 17.00,150000,4.1,50
Surya Saputri,Design dan Fotografi,Saputri Design dan Fotografi,Bandung,7.00 - 17.00,130000,2.8,50
Reza Pratama,Design dan Fotografi,Pratama Design dan Fotografi,Malang,11.00 - 16.00,120000,4.5,80
Adi Hadi,Tukang Aluminium,Hadi Tukang Aluminium,Boyolali,10.00 - 17.00,100000,2.8,20
Surya Sari,Tukang Aluminium,Sari Tukang Aluminium,Semarang,8.00 - 17.00,150000,2.8,2
Yanti Purba,Tukang Kayu,Purba Tukang Kayu,Banyuwangi,8.00 - 17.00,140000,4,33
Ivan Saputri,Foto dan Videografi,Saputri Foto dan Videografi,Semarang,10.00 - 17.00,70000,4,88
Dewa Wijaya,Design dan Cetak,Wijaya Design dan Cetak,Solo,11.00 - 16.00,130000,4.2,99
Rudi Setiawan,Design Logo,Setiawan Design Logo,Bekasi,11.00 - 16.00,150000,4.6,76
Agus Gunawan,Instalasi Pipa,Gunawan Instalasi Pipa,Semarang,10.00 - 17.00,70000,4.2,50
Hery Kusuma,Tukang AC,Kusuma Tukang AC,Solo,7.00 - 17.00,80000,4.3,88
Citra Lestari,Design dan Fotografi,Lestari Design dan Fotografi,Wonosobo,7.00 - 17.00,80000,4.2,95
Putri Susanto,Tukang AC,Susanto Tukang AC,Solo,8.00 - 17.00,140000,4.7,14
Siti Saputra,Instalasi Pipa,Saputra Instalasi Pipa,Kebumen,11.00 - 16.00,100000,4.7,20
Arif Gunawan,Tukang Listrik Rumah Tangga,Gunawan Tukang Listrik Rumah Tangga,Surabaya,7.00 - 17.00,80000,4.6,76
Adi Kusuma,Instalasi Pipa,Kusuma Instalasi Pipa,Pekalongan,11.00 - 16.00,100000,2.8,50
Linda Wibowo,Tukang Bangunan dan Pengecetan,Wibowo Tukang Bangunan dan Pengecetan,Sleman,10.00 - 17.00,150000,2.8,14
Rina Pratama,Tukang Bangunan dan Pengecetan,Pratama Tukang Bangunan dan Pengecetan,Malang,10.00 - 17.00,90000,3.2,100
Ratna Saputri,Instalasi Listrik,Saputri Instalasi Listrik,Bekasi,7.00 - 17.00,140000,4.2,46
Yanti Hartono,Instalasi Listrik,Hartono Instalasi Listrik,Sleman,8.00 - 17.00,100000,4.2,22
Ani Wati,Perpipaan Gas,Wati Perpipaan Gas,Kebumen,8.00 - 17.00,90000,4.1,87
Toni Hartono,Tukang Listrik Rumah Tangga,Hartono Tukang Listrik Rumah Tangga,Wonosobo,8.00 - 17.00,70000,4.6,46
Rina Saputri,Tukang AC,Saputri Tukang AC,Solo,11.00 - 16.00,140000,3.2,17
Sinta Wati,Instalasi Listrik,Wati Instalasi Listrik,Solo,10.00 - 17.00,140000,4,20
Wati Lestari,Instalasi Pipa,Lestari Instalasi Pipa,Sleman,7.00 - 17.00,80000,4.5,39
Sinta Gunawan,Design dan Cetak,Gunawan Design dan Cetak,Solo,7.00 - 17.00,100000,4.5,80
Dian Susanto,Tukang Listrik Rumah Tangga,Susanto Tukang Listrik Rumah Tangga,Bandung,7.00 - 17.00,150000,4.5,50
Yanti Susanto,Tukang Kayu,Susanto Tukang Kayu,Tasikmalaya,7.00 - 17.00,60000,2.8,14
Wati Sari,Design Logo,Sari Design Logo,Pekalongan,11.00 - 16.00,150000,3.2,87
Ivan Kurniawan,Tukang AC,Kurniawan Tukang AC,Kebumen,7.00 - 17.00,120000,4.9,99
Eko Kurniawan,Tukang Kayu,Kurniawan Tukang Kayu,Cilacap,8.00 - 17.00,120000,4.6,76
Toni Gunawan,Tukang AC,Gunawan Tukang AC,Banyuwangi,10.00 - 17.00,120000,4.3,80
Dewi Kusuma,Tukang Bangunan dan Pengecetan,Kusuma Tukang Bangunan dan Pengecetan,Cilacap,8.00 - 17.00,90000,4.2,99
Adi Wijaya,Tukang Kayu,Wijaya Tukang Kayu,Banyuwangi,11.00 - 16.00,95000,3.2,17
Hery Hadi,Foto dan Videografi,Hadi Foto dan Videografi,Sleman,11.00 - 16.00,130000,3.5,46
Sinta Saputri,Perpipaan Gas,Saputri Perpipaan Gas,Malang,7.00 - 17.00,80000,4.7,100
Budi Purba,Tukang Listrik Rumah Tangga,Purba Tukang Listrik Rumah Tangga,Purwokerto,10.00 - 17.00,140000,4.5,95
Sari Pratama,Instalasi Pipa,Pratama Instalasi Pipa,Surabaya,11.00 - 16.00,150000,4.8,95
Sari Ningsih,Design dan Cetak,Ningsih Design dan Cetak,Surabaya,7.00 - 17.00,150000,4.8,47
Ratna Saputri,Tukang Bangunan dan Pengecetan,Saputri Tukang Bangunan dan Pengecetan,Tasikmalaya,8.00 - 17.00,120000,3.2,47
Ani Purba,Tukang Bangunan dan Pengecetan,Purba Tukang Bangunan dan Pengecetan,Sleman,10.00 - 17.00,60000,3.2,95
Sari Hadi,Tukang Bangunan dan Pengecetan,Hadi Tukang Bangunan dan Pengecetan,Boyolali,8.00 - 17.00,95000,4.6,80
Agus Purba,Perpipaan Gas,Purba Perpipaan Gas,Surabaya,11.00 - 16.00,95000,4.3,14
Ivan Permatasari,Tukang Kayu,Permatasari Tukang Kayu,Cilacap,10.00 - 17.00,150000,4,5
Andi Wijaya,Perpipaan Gas,Wijaya Perpipaan Gas,Sleman,7.00 - 17.00,95000,4.1,88
Putri Wijaya,Instalasi Listrik,Wijaya Instalasi Listrik,Tasikmalaya,11.00 - 16.00,140000,2.8,33
Rina Wijaya,Instalasi Pipa,Wijaya Instalasi Pipa,Bandung,10.00 - 17.00,130000,4.5,2
Sinta Wijaya,Foto dan Videografi,Wijaya Foto dan Videografi,Kebumen,10.00 - 17.00,130000,3.5,14
Dewa Setiawan,Design dan Fotografi,Setiawan Design dan Fotografi,Purwokerto,8.00 - 17.00,95000,4.3,50
Dwi Kurniawan,Foto dan Videografi,Kurniawan Foto dan Videografi,Sleman,7.00 - 17.00,100000,4.5,95
Fitri Susanto,Instalasi Listrik,Susanto Instalasi Listrik,Cilacap,10.00 - 17.00,100000,4.2,46
Budi Permatasari,Instalasi Listrik,Permatasari Instalasi Listrik,Malang,10.00 - 17.00,60000,4.5,99
Dwi Kurniawan,Tukang Kayu,Kurniawan Tukang Kayu,Banyuwangi,7.00 - 17.00,90000,4.3,20
Ivan Utami,Design dan Fotografi,Utami Design dan Fotografi,Pekalongan,10.00 - 17.00,60000,2.8,5
Rini Permatasari,Foto dan Videografi,Permatasari Foto dan Videografi,Bandung,11.00 - 16.00,70000,4.6,5
Dwi Saputri,Tukang Listrik Rumah Tangga,Saputri Tukang Listrik Rumah Tangga,Pekalongan,11.00 - 16.00,90000,4.7,88
Hery Kurniawan,Tukang Bangunan dan Pengecetan,Kurniawan Tukang Bangunan dan Pengecetan,Pekalongan,8.00 - 17.00,150000,4,20
Dewa Pratama,Design dan Cetak,Pratama Design dan Cetak,Tasikmalaya,10.00 - 17.00,60000,4,50
Arief Susanto,Design dan Cetak,Susanto Design dan Cetak,Sleman,8.00 - 17.00,90000,4.9,50
Andi Saputri,Instalasi Pipa,Saputri Instalasi Pipa,Sleman,10.00 - 17.00,80000,2.8,46
Hery Sari,Tukang Listrik Rumah Tangga,Sari Tukang Listrik Rumah Tangga,Bandung,11.00 - 16.00,120000,4,20
Surya Lestari,Tukang Listrik Rumah Tangga,Lestari Tukang Listrik Rumah Tangga,Boyolali,7.00 - 17.00,90000,2.8,20
Siti Nugroho,Tukang Aluminium,Nugroho Tukang Aluminium,Surabaya,8.00 - 17.00,100000,4.8,14
Dewi Hadi,Foto dan Videografi,Hadi Foto dan Videografi,Surabaya,11.00 - 16.00,100000,3.2,99
Toni Pratama,Foto dan Videografi,Pratama Foto dan Videografi,Bekasi,8.00 - 17.00,60000,4.5,2
Nina Saputri,Foto dan Videografi,Saputri Foto dan Videografi,Bandung,7.00 - 17.00,90000,3.2,14
Ahmad Lestari,Tukang Kayu,Lestari Tukang Kayu,Purwokerto,11.00 - 16.00,70000,4.5,17
Linda Setiawan,Tukang Kayu,Setiawan Tukang Kayu,Kebumen,11.00 - 16.00,60000,3.5,46
Toni Setiawan,Tukang Bangunan dan Pengecetan,Setiawan Tukang Bangunan dan Pengecetan,Purwokerto,8.00 - 17.00,120000,4.3,100
Ratna Permatasari,Tukang Bangunan dan Pengecetan,Permatasari Tukang Bangunan dan Pengecetan,Pekalongan,8.00 - 17.00,80000,4.5,47
Dwi Kurniawan,Design Logo,Kurniawan Design Logo,Tasikmalaya,10.00 - 17.00,80000,4.9,39
Surya Ningsih,Tukang Bangunan dan Pengecetan,Ningsih Tukang Bangunan dan Pengecetan,Boyolali,10.00 - 17.00,140000,4.5,76
Nina Ningsih,Design Logo,Ningsih Design Logo,Sleman,8.00 - 17.00,100000,4.5,1
Citra Wati,Foto dan Videografi,Wati Foto dan Videografi,Tasikmalaya,11.00 - 16.00,60000,4.1,100
Adi Permatasari,Perpipaan Gas,Permatasari Perpipaan Gas,Solo,7.00 - 17.00,70000,4.6,1
Rudi Saputra,Design dan Fotografi,Saputra Design dan Fotografi,Banyuwangi,11.00 - 16.00,80000,4.6,95
Sinta Saputra,Foto dan Videografi,Saputra Foto dan Videografi,Kebumen,11.00 - 16.00,100000,2.8,80
Citra Hartono,Design dan Cetak,Hartono Design dan Cetak,Cilacap,7.00 - 17.00,140000,4.1,46
Siti Nugroho,Tukang AC,Nugroho Tukang AC,Kebumen,8.00 - 17.00,100000,4.1,80
Rizki Kusuma,Design dan Cetak,Kusuma Design dan Cetak,Pekalongan,11.00 - 16.00,90000,3.2,50
Eko Lestari,Perpipaan Gas,Lestari Perpipaan Gas,Malang,11.00 - 16.00,90000,4.9,87
Ratna Wibowo,Tukang Bangunan dan Pengecetan,Wibowo Tukang Bangunan dan Pengecetan,Semarang,7.00 - 17.00,150000,4.3,80
Rini Wati,Design Logo,Wati Design Logo,Cilacap,11.00 - 16.00,90000,4.1,46
Reza Nugroho,Tukang Bangunan dan Pengecetan,Nugroho Tukang Bangunan dan Pengecetan,Wonosobo,8.00 - 17.00,70000,4.3,100
Rizki Wibowo,Design dan Cetak,Wibowo Design dan Cetak,Pekalongan,8.00 - 17.00,95000,4.9,14
Siti Purba,Tukang Kayu,Purba Tukang Kayu,Kebumen,7.00 - 17.00,130000,4.5,76
Nina Wati,Instalasi Pipa,Wati Instalasi Pipa,Kebumen,8.00 - 17.00,95000,4.8,14
Ani Hadi,Tukang AC,Hadi Tukang AC,Purwokerto,8.00 - 17.00,120000,3.2,22
Rina Utami,Foto dan Videografi,Utami Foto dan Videografi,Purwokerto,10.00 - 17.00,70000,3.2,46
Wati Gunawan,Instalasi Pipa,Gunawan Instalasi Pipa,Bekasi,8.00 - 17.00,95000,3.5,39
Surya Wibowo,Design dan Cetak,Wibowo Design dan Cetak,Surabaya,7.00 - 17.00,95000,3.2,99
Siti Wibowo,Design dan Fotografi,Wibowo Design dan Fotografi,Pekalongan,11.00 - 16.00,100000,4.1,47
Fina Purba,Design dan Fotografi,Purba Design dan Fotografi,Kebumen,10.00 - 17.00,95000,4.6,95
Eko Gunawan,Tukang Aluminium,Gunawan Tukang Aluminium,Bandung,11.00 - 16.00,95000,3.2,99
Sinta Utami,Tukang AC,Utami Tukang AC,Banyuwangi,11.00 - 16.00,80000,4.7,14
Arif Kusuma,Tukang Bangunan dan Pengecetan,Kusuma Tukang Bangunan dan Pengecetan,Purwokerto,10.00 - 17.00,60000,4.2,95
Surya Wibowo,Instalasi Listrik,Wibowo Instalasi Listrik,Pekalongan,10.00 - 17.00,120000,4.3,20
Fina Wijaya,Tukang Kayu,Wijaya Tukang Kayu,Boyolali,7.00 - 17.00,120000,4.6,50
Reza Lestari,Tukang Kayu,Lestari Tukang Kayu,Wonosobo,7.00 - 17.00,95000,4.5,100
Ani Sari,Foto dan Videografi,Sari Foto dan Videografi,Banyuwangi,8.00 - 17.00,60000,4.8,5
Dewi Lestari,Tukang AC,Lestari Tukang AC,Kebumen,11.00 - 16.00,150000,3.2,20
Dewi Nugroho,Design dan Cetak,Nugroho Design dan Cetak,Semarang,8.00 - 17.00,120000,4.3,14
Linda Nugroho,Tukang Aluminium,Nugroho Tukang Aluminium,Banyuwangi,10.00 - 17.00,140000,4.7,17
Toni Wibowo,Tukang Bangunan dan Pengecetan,Wibowo Tukang Bangunan dan Pengecetan,Banyuwangi,11.00 - 16.00,80000,2.8,17
Dewi Sari,Instalasi Pipa,Sari Instalasi Pipa,Tasikmalaya,11.00 - 16.00,70000,4.1,33
Fitri Kusuma,Tukang AC,Kusuma Tukang AC,Purwokerto,11.00 - 16.00,70000,4,95
Ivan Kurniawan,Design dan Fotografi,Kurniawan Design dan Fotografi,Boyolali,8.00 - 17.00,60000,4.7,99
Ahmad Wijaya,Tukang Kayu,Wijaya Tukang Kayu,Solo,8.00 - 17.00,150000,3.5,88
Sinta Nugroho,Tukang Kayu,Nugroho Tukang Kayu,Bandung,8.00 - 17.00,70000,2.8,2
Rudi Setiawan,Tukang Kayu,Setiawan Tukang Kayu,Malang,8.00 - 17.00,150000,4.7,47
Joko Ningsih,Design Logo,Ningsih Design Logo,Semarang,11.00 - 16.00,95000,4.8,2
Citra Hartono,Tukang Bangunan dan Pengecetan,Hartono Tukang Bangunan dan Pengecetan,Purwokerto,7.00 - 17.00,95000,4.5,100
Arif Purba,Instalasi Pipa,Purba Instalasi Pipa,Tasikmalaya,11.00 - 16.00,70000,4.7,99
Citra Ningsih,Tukang Bangunan dan Pengecetan,Ningsih Tukang Bangunan dan Pengecetan,Tasikmalaya,11.00 - 16.00,120000,4.7,39
Dewa Susanto,Tukang Kayu,Susanto Tukang Kayu,Purwokerto,10.00 - 17.00,150000,3.5,100
Hery Wibowo,Instalasi Pipa,Wibowo Instalasi Pipa,Solo,11.00 - 16.00,70000,2.8,46
Rudi Permatasari,Tukang AC,Permatasari Tukang AC,Sleman,11.00 - 16.00,95000,3.2,46
Yanti Nugroho,Tukang Bangunan dan Pengecetan,Nugroho Tukang Bangunan dan Pengecetan,Bekasi,7.00 - 17.00,130000,4.8,17
Siti Kusuma,Tukang AC,Kusuma Tukang AC,Semarang,7.00 - 17.00,95000,4.7,50
Linda Nugroho,Design dan Cetak,Nugroho Design dan Cetak,Pekalongan,10.00 - 17.00,140000,4.3,2
Rudi Lestari,Tukang Bangunan dan Pengecetan,Lestari Tukang Bangunan dan Pengecetan,Purwokerto,11.00 - 16.00,80000,4.5,87
Reza Purba,Instalasi Listrik,Purba Instalasi Listrik,Wonosobo,10.00 - 17.00,120000,4,47
Eko Ningsih,Design dan Fotografi,Ningsih Design dan Fotografi,Solo,7.00 - 17.00,80000,4.8,99
Eko Saputri,Foto dan Videografi,Saputri Foto dan Videografi,Solo,8.00 - 17.00,95000,3.2,5
Citra Gunawan,Perpipaan Gas,Gunawan Perpipaan Gas,Surabaya,10.00 - 17.00,100000,4,20
Rahayu Gunawan,Tukang Listrik Rumah Tangga,Gunawan Tukang Listrik Rumah Tangga,Wonosobo,10.00 - 17.00,90000,4.1,2
Siti Kurniawan,Instalasi Pipa,Kurniawan Instalasi Pipa,Surabaya,10.00 - 17.00,130000,4,80
Ivan Hartono,Perpipaan Gas,Hartono Perpipaan Gas,Solo,7.00 - 17.00,150000,4.7,88
Lina Kurniawan,Foto dan Videografi,Kurniawan Foto dan Videografi,Sleman,10.00 - 17.00,100000,4.9,17
Hendra Pratama,Tukang AC,Pratama Tukang AC,Semarang,8.00 - 17.00,80000,4.8,87
Dewa Saputra,Instalasi Pipa,Saputra Instalasi Pipa,Boyolali,8.00 - 17.00,90000,4.8,76
Rizki Saputra,Tukang Kayu,Saputra Tukang Kayu,Bekasi,7.00 - 17.00,70000,4.3,95
Ratna Permatasari,Design dan Fotografi,Permatasari Design dan Fotografi,Bandung,8.00 - 17.00,140000,3.2,99
Ani Gunawan,Tukang Kayu,Gunawan Tukang Kayu,Tasikmalaya,10.00 - 17.00,130000,4.2,76
Adi Pratama,Design Logo,Pratama Design Logo,Cilacap,11.00 - 16.00,100000,3.5,46
Ratna Sari,Tukang Listrik Rumah Tangga,Sari Tukang Listrik Rumah Tangga,Banyuwangi,11.00 - 16.00,100000,4,95
Reza Lestari,Tukang Aluminium,Lestari Tukang Aluminium,Cilacap,10.00 - 17.00,130000,4.5,1
Toni Setiawan,Tukang Listrik Rumah Tangga,Setiawan Tukang Listrik Rumah Tangga,Pekalongan,10.00 - 17.00,80000,3.5,46
Dewa Nugroho,Tukang AC,Nugroho Tukang AC,Surabaya,10.00 - 17.00,100000,4.7,76
Dewi Susanto,Tukang Listrik Rumah Tangga,Susanto Tukang Listrik Rumah Tangga,Tasikmalaya,10.00 - 17.00,130000,4.1,80
Wati Susanto,Instalasi Listrik,Susanto Instalasi Listrik,Solo,11.00 - 16.00,70000,4.9,46
Citra Hadi,Tukang Listrik Rumah Tangga,Hadi Tukang Listrik Rumah Tangga,Banyuwangi,10.00 - 17.00,60000,4.7,14
Toni Lestari,Design dan Cetak,Lestari Design dan Cetak,Purwokerto,7.00 - 17.00,130000,4.5,95
Dewa Hartono,Design dan Fotografi,Hartono Design dan Fotografi,Bandung,7.00 - 17.00,140000,4.8,17
Citra Utami,Perpipaan Gas,Utami Perpipaan Gas,Solo,7.00 - 17.00,150000,4.5,20
Citra Gunawan,Design dan Fotografi,Gunawan Design dan Fotografi,Bekasi,8.00 - 17.00,90000,4.5,22
Citra Kusuma,Instalasi Listrik,Kusuma Instalasi Listrik,Pekalongan,8.00 - 17.00,90000,4.6,80
Rini Susanto,Tukang AC,Susanto Tukang AC,Surabaya,7.00 - 17.00,60000,4.7,1
Nina Kurniawan,Instalasi Listrik,Kurniawan Instalasi Listrik,Malang,11.00 - 16.00,70000,4.8,87
Ahmad Susanto,Tukang Listrik Rumah Tangga,Susanto Tukang Listrik Rumah Tangga,Solo,8.00 - 17.00,150000,3.5,100
Ratna Hadi,Tukang Kayu,Hadi Tukang Kayu,Tasikmalaya,10.00 - 17.00,80000,4.5,39
Dwi Wati,Design dan Cetak,Wati Design dan Cetak,Purwokerto,11.00 - 16.00,100000,4.5,1
Rudi Pratama,Tukang AC,Pratama Tukang AC,Solo,8.00 - 17.00,100000,3.2,39
Adi Hadi,Foto dan Videografi,Hadi Foto dan Videografi,Wonosobo,10.00 - 17.00,150000,4.3,50
Siti Susanto,Design Logo,Susanto Design Logo,Boyolali,7.00 - 17.00,100000,4.2,39
Nina Lestari,Perpipaan Gas,Lestari Perpipaan Gas,Cilacap,7.00 - 17.00,70000,4.3,33
Adi Permatasari,Design Logo,Permatasari Design Logo,Solo,7.00 - 17.00,90000,4.1,80
Surya Hartono,Instalasi Pipa,Hartono Instalasi Pipa,Sleman,11.00 - 16.00,140000,4.1,1
Putri Sari,Perpipaan Gas,Sari Perpipaan Gas,Tasikmalaya,11.00 - 16.00,90000,4.7,2
Wati Sari,Instalasi Listrik,Sari Instalasi Listrik,Cilacap,7.00 - 17.00,80000,4.7,46
Nina Ningsih,Tukang AC,Ningsih Tukang AC,Sleman,7.00 - 17.00,100000,4.8,5
Arif Wibowo,Instalasi Pipa,Wibowo Instalasi Pipa,Bekasi,10.00 - 17.00,80000,4.3,5
Ivan Susanto,Instalasi Listrik,Susanto Instalasi Listrik,Sleman,7.00 - 17.00,60000,3.5,17
Putri Saputra,Instalasi Pipa,Saputra Instalasi Pipa,Kebumen,10.00 - 17.00,80000,4.2,17
Rina Setiawan,Tukang Aluminium,Setiawan Tukang Aluminium,Bekasi,11.00 - 16.00,60000,4,20
Putri Susanto,Tukang Aluminium,Susanto Tukang Aluminium,Pekalongan,8.00 - 17.00,60000,2.8,2
Ivan Permatasari,Tukang Listrik Rumah Tangga,Permatasari Tukang Listrik Rumah Tangga,Bandung,11.00 - 16.00,70000,4.9,39
Fitri Purba,Instalasi Pipa,Purba Instalasi Pipa,Semarang,7.00 - 17.00,90000,4.3,87
Adi Gunawan,Tukang Bangunan dan Pengecetan,Gunawan Tukang Bangunan dan Pengecetan,Purwokerto,8.00 - 17.00,60000,4.3,47
Ivan Nugroho,Design dan Cetak,Nugroho Design dan Cetak,Boyolali,10.00 - 17.00,120000,4.5,87
Rahayu Kurniawan,Instalasi Pipa,Kurniawan Instalasi Pipa,Kebumen,7.00 - 17.00,150000,3.2,95
Reza Susanto,Design dan Fotografi,Susanto Design dan Fotografi,Bekasi,8.00 - 17.00,130000,4.6,1
Ani Hartono,Foto dan Videografi,Hartono Foto dan Videografi,Semarang,10.00 - 17.00,140000,4.7,5
Arif Utami,Design Logo,Utami Design Logo,Solo,11.00 - 16.00,60000,3.2,2
Dwi Utami,Instalasi Pipa,Utami Instalasi Pipa,Tasikmalaya,10.00 - 17.00,80000,4.5,95
Budi Pratama,Tukang AC,Pratama Tukang AC,Kebumen,11.00 - 16.00,95000,2.8,87
Fina Gunawan,Perpipaan Gas,Gunawan Perpipaan Gas,Solo,11.00 - 16.00,80000,4.5,99
Agus Wijaya,Perpipaan Gas,Wijaya Perpipaan Gas,Boyolali,11.00 - 16.00,60000,4.7,22
Andi Saputri,Tukang Kayu,Saputri Tukang Kayu,Bekasi,7.00 - 17.00,120000,4.7,50
Hery Purba,Tukang Aluminium,Purba Tukang Aluminium,Banyuwangi,11.00 - 16.00,140000,3.5,80
Siti Pratama,Foto dan Videografi,Pratama Foto dan Videografi,Sleman,10.00 - 17.00,90000,4.1,46
Rudi Purba,Instalasi Listrik,Purba Instalasi Listrik,Bandung,11.00 - 16.00,80000,2.8,99
Surya Kusuma,Design dan Fotografi,Kusuma Design dan Fotografi,Wonosobo,10.00 - 17.00,70000,4.7,100
Ahmad Permatasari,Tukang AC,Permatasari Tukang AC,Sleman,10.00 - 17.00,130000,3.5,14
Dian Utami,Tukang Bangunan dan Pengecetan,Utami Tukang Bangunan dan Pengecetan,Semarang,7.00 - 17.00,150000,4.7,76
Rudi Hartono,Perpipaan Gas,Hartono Perpipaan Gas,Wonosobo,10.00 - 17.00,140000,4.6,20
Budi Pratama,Instalasi Listrik,Pratama Instalasi Listrik,Kebumen,8.00 - 17.00,95000,4.1,20
Eko Lestari,Design Logo,Lestari Design Logo,Banyuwangi,10.00 - 17.00,90000,4.9,2
Toni Sari,Design dan Fotografi,Sari Design dan Fotografi,Tasikmalaya,10.00 - 17.00,150000,4.8,22
Toni Hartono,Tukang Aluminium,Hartono Tukang Aluminium,Banyuwangi,11.00 - 16.00,70000,4.6,39
Hery Wati,Tukang Bangunan dan Pengecetan,Wati Tukang Bangunan dan Pengecetan,Semarang,7.00 - 17.00,80000,4.2,17
Linda Lestari,Instalasi Listrik,Lestari Instalasi Listrik,Solo,8.00 - 17.00,150000,4.6,17
Surya Lestari,Design dan Fotografi,Lestari Design dan Fotografi,Bekasi,7.00 - 17.00,80000,4.1,46
Eko Wijaya,Design Logo,Wijaya Design Logo,Pekalongan,7.00 - 17.00,70000,4,33
Rina Sari,Design dan Fotografi,Sari Design dan Fotografi,Surabaya,11.00 - 16.00,120000,3.2,1
Andi Gunawan,Design dan Fotografi,Gunawan Design dan Fotografi,Semarang,8.00 - 17.00,60000,4,80
Citra Wati,Design Logo,Wati Design Logo,Bandung,7.00 - 17.00,130000,3.5,80
Sari Saputri,Tukang Kayu,Saputri Tukang Kayu,Wonosobo,11.00 - 16.00,60000,4.2,95
Wati Saputra,Tukang Kayu,Saputra Tukang Kayu,Bekasi,7.00 - 17.00,90000,4.2,95
Sinta Ningsih,Tukang Bangunan dan Pengecetan,Ningsih Tukang Bangunan dan Pengecetan,Semarang,11.00 - 16.00,100000,4.8,100
Ivan Pratama,Tukang Bangunan dan Pengecetan,Pratama Tukang Bangunan dan Pengecetan,Pekalongan,7.00 - 17.00,90000,4.3,47
Hery Saputra,Tukang Bangunan dan Pengecetan,Saputra Tukang Bangunan dan Pengecetan,Bekasi,7.00 - 17.00,70000,4.3,50
Ratna Setiawan,Tukang Aluminium,Setiawan Tukang Aluminium,Sleman,8.00 - 17.00,150000,4,20
Ratna Ningsih,Perpipaan Gas,Ningsih Perpipaan Gas,Bandung,10.00 - 17.00,60000,4.6,76
Maya Gunawan,Design dan Cetak,Gunawan Design dan Cetak,Cilacap,8.00 - 17.00,120000,4.1,99
Hendra Utami,Instalasi Pipa,Utami Instalasi Pipa,Cilacap,11.00 - 16.00,100000,4.3,95
Hadi Gunawan,Tukang Aluminium,Gunawan Tukang Aluminium,Semarang,8.00 - 17.00,150000,4,76
Toni Gunawan,Tukang Listrik Rumah Tangga,Gunawan Tukang Listrik Rumah Tangga,Sleman,7.00 - 17.00,70000,4.5,39
Ahmad Wijaya,Tukang AC,Wijaya Tukang AC,Wonosobo,10.00 - 17.00,80000,4.8,76
Nina Ningsih,Perpipaan Gas,Ningsih Perpipaan Gas,Semarang,10.00 - 17.00,150000,4.9,1
Dewa Gunawan,Tukang AC,Gunawan Tukang AC,Tasikmalaya,11.00 - 16.00,95000,4.5,87
Adi Kurniawan,Tukang Kayu,Kurniawan Tukang Kayu,Banyuwangi,7.00 - 17.00,120000,4.5,100
Hadi Susanto,Tukang Aluminium,Susanto Tukang Aluminium,Tasikmalaya,7.00 - 17.00,90000,4,50
Dian Setiawan,Design dan Cetak,Setiawan Design dan Cetak,Kebumen,11.00 - 16.00,140000,4.1,50
Joko Pratama,Design dan Cetak,Pratama Design dan Cetak,Surabaya,11.00 - 16.00,150000,3.2,95
Rahayu Gunawan,Foto dan Videografi,Gunawan Foto dan Videografi,Solo,7.00 - 17.00,80000,3.2,1
Putri Wijaya,Design dan Cetak,Wijaya Design dan Cetak,Bandung,10.00 - 17.00,60000,3.2,50
Dewi Purba,Design dan Cetak,Purba Design dan Cetak,Surabaya,7.00 - 17.00,100000,4.6,46
Ivan Setiawan,Tukang Listrik Rumah Tangga,Setiawan Tukang Listrik Rumah Tangga,Surabaya,11.00 - 16.00,60000,3.5,20
Linda Saputra,Design dan Cetak,Saputra Design dan Cetak,Purwokerto,7.00 - 17.00,70000,4.2,5
Budi Nugroho,Tukang AC,Nugroho Tukang AC,Sleman,11.00 - 16.00,80000,4.8,33
Adi Permatasari,Instalasi Listrik,Permatasari Instalasi Listrik,Wonosobo,7.00 - 17.00,80000,4.9,46
Sinta Kusuma,Design dan Cetak,Kusuma Design dan Cetak,Cilacap,8.00 - 17.00,150000,3.5,46
Sari Setiawan,Design dan Cetak,Setiawan Design dan Cetak,Wonosobo,7.00 - 17.00,120000,4.3,2
Sinta Utami,Foto dan Videografi,Utami Foto dan Videografi,Bekasi,7.00 - 17.00,70000,4.8,22
Surya Susanto,Instalasi Pipa,Susanto Instalasi Pipa,Boyolali,7.00 - 17.00,90000,3.2,80
Rizki Kusuma,Perpipaan Gas,Kusuma Perpipaan Gas,Bandung,7.00 - 17.00,130000,4.2,22
Hendra Kusuma,Foto dan Videografi,Kusuma Foto dan Videografi,Sleman,8.00 - 17.00,80000,3.5,33
Budi Wibowo,Tukang Bangunan dan Pengecetan,Wibowo Tukang Bangunan dan Pengecetan,Banyuwangi,11.00 - 16.00,130000,3.2,87
Putri Wati,Instalasi Pipa,Wati Instalasi Pipa,Banyuwangi,7.00 - 17.00,120000,4.7,2
Wati Hadi,Tukang Bangunan dan Pengecetan,Hadi Tukang Bangunan dan Pengecetan,Purwokerto,7.00 - 17.00,60000,4.8,22
Surya Setiawan,Tukang Bangunan dan Pengecetan,Setiawan Tukang Bangunan dan Pengecetan,Cilacap,8.00 - 17.00,60000,4.9,2
Dian Nugroho,Tukang Bangunan dan Pengecetan,Nugroho Tukang Bangunan dan Pengecetan,Banyuwangi,7.00 - 17.00,150000,2.8,88
Sari Wati,Design dan Cetak,Wati Design dan Cetak,Kebumen,11.00 - 16.00,95000,4.5,22
Toni Wibowo,Tukang AC,Wibowo Tukang AC,Bekasi,10.00 - 17.00,100000,4.7,88
Sinta Wijaya,Instalasi Listrik,Wijaya Instalasi Listrik,Boyolali,7.00 - 17.00,90000,4,39
Fina Ningsih,Foto dan Videografi,Ningsih Foto dan Videografi,Tasikmalaya,11.00 - 16.00,80000,2.8,80
Ivan Lestari,Perpipaan Gas,Lestari Perpipaan Gas,Pekalongan,7.00 - 17.00,80000,4.8,50
Dwi Nugroho,Design Logo,Nugroho Design Logo,Bekasi,7.00 - 17.00,80000,4.6,22
Rizki Setiawan,Design dan Fotografi,Setiawan Design dan Fotografi,Sleman,11.00 - 16.00,120000,4.3,1
Ratna Hadi,Instalasi Listrik,Hadi Instalasi Listrik,Pekalongan,8.00 - 17.00,80000,4.1,22
Lina Saputri,Design Logo,Saputri Design Logo,Cilacap,11.00 - 16.00,130000,4.7,5
Ahmad Saputra,Instalasi Pipa,Saputra Instalasi Pipa,Boyolali,8.00 - 17.00,120000,4.7,20
Linda Kusuma,Instalasi Listrik,Kusuma Instalasi Listrik,Malang,10.00 - 17.00,130000,4.9,47
Dewi Wijaya,Design dan Cetak,Wijaya Design dan Cetak,Solo,7.00 - 17.00,100000,2.8,100
Arif Gunawan,Instalasi Listrik,Gunawan Instalasi Listrik,Kebumen,7.00 - 17.00,130000,2.8,47
Reza Sari,Design dan Cetak,Sari Design dan Cetak,Purwokerto,11.00 - 16.00,95000,2.8,46
Andi Nugroho,Tukang Bangunan dan Pengecetan,Nugroho Tukang Bangunan dan Pengecetan,Boyolali,11.00 - 16.00,100000,4.3,46
Ratna Kurniawan,Tukang Listrik Rumah Tangga,Kurniawan Tukang Listrik Rumah Tangga,Solo,7.00 - 17.00,100000,4.7,20
Toni Sari,Instalasi Pipa,Sari Instalasi Pipa,Cilacap,7.00 - 17.00,80000,4.8,17
Nina Wijaya,Instalasi Pipa,Wijaya Instalasi Pipa,Tasikmalaya,10.00 - 17.00,90000,4.2,2
Dwi Pratama,Perpipaan Gas,Pratama Perpipaan Gas,Kebumen,11.00 - 16.00,120000,4.7,5
Linda Pratama,Tukang AC,Pratama Tukang AC,Tasikmalaya,8.00 - 17.00,130000,2.8,50
Yanti Wati,Instalasi Pipa,Wati Instalasi Pipa,Sleman,10.00 - 17.00,90000,4.3,47
Arif Lestari,Foto dan Videografi,Lestari Foto dan Videografi,Banyuwangi,11.00 - 16.00,60000,4.7,100
Fitri Gunawan,Tukang Kayu,Gunawan Tukang Kayu,Tasikmalaya,8.00 - 17.00,60000,4.5,14
Lina Wibowo,Design dan Fotografi,Wibowo Design dan Fotografi,Cilacap,11.00 - 16.00,95000,4.2,80
Ratna Nugroho,Instalasi Pipa,Nugroho Instalasi Pipa,Boyolali,7.00 - 17.00,130000,4.1,2
Surya Kusuma,Design dan Cetak,Kusuma Design dan Cetak,Tasikmalaya,10.00 - 17.00,140000,4.1,39
Dewa Wati,Tukang Aluminium,Wati Tukang Aluminium,Solo,8.00 - 17.00,60000,4.6,22
Hadi Kusuma,Perpipaan Gas,Kusuma Perpipaan Gas,Bekasi,10.00 - 17.00,60000,3.5,76
Siti Sari,Instalasi Listrik,Sari Instalasi Listrik,Malang,7.00 - 17.00,90000,4.5,95
Wati Kurniawan,Tukang Kayu,Kurniawan Tukang Kayu,Pekalongan,11.00 - 16.00,90000,4.6,99
Toni Pratama,Foto dan Videografi,Pratama Foto dan Videografi,Semarang,11.00 - 16.00,70000,4.3,87
Dwi Wibowo,Perpipaan Gas,Wibowo Perpipaan Gas,Purwokerto,8.00 - 17.00,130000,4.9,39
Lina Wijaya,Perpipaan Gas,Wijaya Perpipaan Gas,Malang,8.00 - 17.00,120000,4,47
Siti Gunawan,Instalasi Pipa,Gunawan Instalasi Pipa,Kebumen,7.00 - 17.00,95000,3.5,76
Dewa Nugroho,Tukang Aluminium,Nugroho Tukang Aluminium,Banyuwangi,11.00 - 16.00,100000,3.5,22
Fitri Utami,Tukang Aluminium,Utami Tukang Aluminium,Sleman,7.00 - 17.00,150000,4.7,33
Putri Nugroho,Tukang AC,Nugroho Tukang AC,Malang,7.00 - 17.00,100000,2.8,76
Reza Permatasari,Design dan Cetak,Permatasari Design dan Cetak,Wonosobo,8.00 - 17.00,120000,3.2,99
Fitri Sari,Tukang Kayu,Sari Tukang Kayu,Semarang,7.00 - 17.00,150000,4.1,5
Andi Susanto,Design Logo,Susanto Design Logo,Semarang,10.00 - 17.00,95000,4.8,14
Dewa Wijaya,Tukang Bangunan dan Pengecetan,Wijaya Tukang Bangunan dan Pengecetan,Tasikmalaya,7.00 - 17.00,70000,4.8,14
Rahayu Gunawan,Tukang AC,Gunawan Tukang AC,Solo,10.00 - 17.00,80000,4.3,14
Adi Hartono,Tukang Listrik Rumah Tangga,Hartono Tukang Listrik Rumah Tangga,Purwokerto,7.00 - 17.00,130000,4.8,46
Maya Pratama,Instalasi Listrik,Pratama Instalasi Listrik,Pekalongan,10.00 - 17.00,90000,4.2,20
